pop,Elev_class,Elev_m,Latitude,Longitude,timeframe,year,cwd,pck,ppt,tmn,tmx,ann_tmean,mean_diurnal_range,temp_seasonality,temp_ann_range,ann_ppt,ppt_seasonality,tmean_wettest_month,tmean_driest_month,ppt_warmest_month,ppt_coldest_month,Season
BH,low,511,37.40985,-119.96458,historic,1965,68.60499842961629,0,52.29416710541894,7.134999930858612,22.259999990463257,14.697499960660934,15.125000059604645,6.219818245926189,32.59999895095825,627.5300052650273,128.5925874775514,8.809999942779541,20.603333314259846,8.869999885559082,88.08000183105469,Water Year
BH,low,511,37.40985,-119.96458,historic,1966,77.46833276748657,0,35.03916696459055,7.399166719677547,23.579166968663532,15.48916684417054,16.180000248985987,7.048490602399367,36.17000076174736,420.4700035750866,172.1246150209384,11.529999732971191,21.532500386238098,0,94.54000091552734,Water Year
BH,low,511,37.40985,-119.96458,historic,1967,67.33499972025554,0,65.30333272616069,7.6949999034404755,22.855833609898884,15.27541675666968,15.16083370645841,7.649933451371845,36.060001730918884,783.6399927139282,109.14671093284437,8.004999995231628,26.985000610351563,0,149.33999633789063,Water Year
BH,low,511,37.40985,-119.96458,historic,1968,79.72499910990398,0,33.92083342870077,7.494166714449724,23.6875003973643,15.590833555907011,16.193333682914574,6.76899291328219,37.20000183582306,407.0500011444092,86.44562861451439,5.1700000166893005,23.445000410079956,0,73.470001220703125,Water Year
BH,low,511,37.40985,-119.96458,historic,1969,69.78166643778484,0,82.38666457589716,7.397499918937683,22.285833438237507,14.841666678587595,14.888333519299826,7.33918617532048,35.43000030517578,988.6399749107659,120.87979955357312,6.749999880790711,25.5,0.01999999955296516,136.6999969482422,Water Year
BH,low,511,37.40985,-119.96458,historic,1970,73.83000071843465,0,42.23749967416128,7.513333211342494,24.044999758402508,15.7791664848725,16.531666547060013,6.764580883365773,34.759998202323914,506.8499960899353,128.6999877114127,8.724999785423279,22.893749594688416,0,77.86000061035156,Water Year
BH,low,511,37.40985,-119.96458,historic,1971,72.6241668065389,0,37.484166423479714,6.9074998795986176,22.485833247502644,14.69666656355063,15.578333367904028,7.041806992043456,34.76000028848648,449.8099970817566,127.97790160065529,11.934999704360962,23.884999752044678,0,35.18000030517578,Water Year
BH,low,511,37.40985,-119.96458,historic,1972,85.1850004196167,0,27.419166478017967,7.48999996483326,23.100833733876545,15.295416849354902,15.610833769043287,7.475701623475423,37.210001707077026,329.0299977362156,141.92130301408932,5.0400000512599945,25.567500829696655,0,26.11000061035156,Water Year
BH,low,511,37.40985,-119.96458,historic,1973,75.2774993578593,0,61.512499030058585,7.65916666885217,22.340000073115032,14.9995833709836,14.680833404262861,7.621915643428462,35.550001204013824,738.149988360703,109.67278393279916,9.375000238418579,25.200000762939453,0,78.48999786376953,Water Year
BH,low,511,37.40985,-119.96458,historic,1974,69.4516674677531,0,52.22416633600369,7.9566666434208555,23.255000193913776,15.605833418667316,15.298333550492924,7.178562221488565,33.7600012421608,626.6899960320443,95.79702104824685,10.495000123977661,22.13000027338664,16.959999084472656,91.58000183105467,Water Year
BH,low,511,37.40985,-119.96458,historic,1975,68.12583303451538,0,53.12249946827069,6.728333238512278,21.934999863306682,14.33166655090948,15.206666624794403,7.210585545232195,33.50999893248081,637.4699936192483,106.0283790736493,7.730000019073485,24.00999927520752,0.02999999932944774,86.1500015258789,Water Year
BH,low,511,37.40985,-119.96458,historic,1976,82.94750038782756,0,25.51583331823349,6.715833283960818,22.580833355585735,14.648333319773275,15.865000071624914,6.680127311992795,35.30999970436096,306.1899998188019,98.4035519158687,8.529999792575836,21.18499994277954,0.7900000214576721,7.710000038146973,Water Year
BH,low,511,37.40985,-119.96458,historic,1977,87.65750042597453,0,18.645832983156044,7.498333451648553,23.33833320935567,15.418333330502113,15.839999757707119,7.088885522365532,35.43000108003616,223.74999579787254,91.94472259408639,5.440000191330911,25.137500524520874,0,48.04999923706055,Water Year
BH,low,511,37.40985,-119.96458,historic,1978,70.13333320617676,0,85.28416635592778,8.712500015894571,23.140000104904175,15.926250060399374,14.427500089009603,5.900237044026472,30.260000228881836,1023.4099962711334,105.61778460546805,9.410000085830688,21.551250219345093,0,138.22000122070313,Water Year
BH,low,511,37.40985,-119.96458,historic,1979,72.92083247502644,0,52.90833250681559,7.634166747331619,22.682500044504803,15.158333395918211,15.048333297173182,7.40717825345921,34.88999819755554,634.8999900817871,111.38107801261796,6.515000164508819,23.2400000890096,3.2100000381469727,51.459999084472656,Water Year
BH,low,511,37.40985,-119.96458,historic,1980,71.16833384831746,0,56.69333263238271,7.883333265781403,23.035833438237507,15.459583352009457,15.152500172456106,6.024389899835746,31.989999532699585,680.3199915885925,130.53004936453996,9.065000057220459,21.605000257492065,2.0199999809265137,236.08999633789065,Water Year
BH,low,511,37.40985,-119.96458,historic,1981,79.3100004196167,0,35.76916654904684,8.52999989191691,24.173333247502644,16.351666569709778,15.643333355585733,6.585057938040588,32.940001010894775,429.229998588562,119.45056128653175,9.869999885559082,24.583749890327454,0,28.729999542236328,Water Year
BH,low,511,37.40985,-119.96458,historic,1982,65.56333192189534,0.5849999984105428,82.0866680641969,8.154166631400585,22.00000023841858,15.077083434909582,13.845833607017994,6.371743846174973,33.05999907851219,985.0400167703629,86.57657063962829,5.634999945759773,18.119999885559082,3.3499999046325684,202.8800048828125,Water Year
BH,low,511,37.40985,-119.96458,historic,1983,65.03250010808308,0,92.41083453098932,8.118333220481873,21.574999888737995,14.846666554609934,13.456666668256124,6.7507351727765075,31.240000009536743,1108.930014371872,98.55575037947831,9.930000066757202,21.59249997138977,2.4700000286102295,149.3000030517578,Water Year
BH,low,511,37.40985,-119.96458,historic,1984,74.92333332697551,0,46.49916581064463,8.321666647990545,23.236666599909466,15.779166623950005,14.91499995191892,7.149091307344295,34.25999891757965,557.9899897277355,138.1302332599819,10.355000257492065,25.554999351501465,1.4700000286102295,6.260000228881836,Water Year
BH,low,511,37.40985,-119.96458,historic,1985,75.56666739781699,0,36.70583300944418,7.637500027815501,22.242499987284344,14.940000007549921,14.604999959468842,7.15745516613979,34.50999999046326,440.4699961133301,117.30255195372222,9.825000047683716,26.475000381469727,0,22.489999771118164,Water Year
BH,low,511,37.40985,-119.96458,historic,1986,73.53249963124593,0,61.470832665761314,8.244999865690867,22.71916651725769,15.48208319147428,14.474166651566824,6.063549427132379,33.3199987411499,737.6499919891357,140.54800137949925,10.09500002861023,23.718332767486572,0,58.04999923706055,Water Year
BH,low,511,37.40985,-119.96458,historic,1987,82.15333207448323,0,30.53833293542266,8.194166739781698,23.572500069936115,15.883333404858908,15.378333330154419,6.498320958004302,33.08000183105469,366.4599952250719,125.85342586250619,8.989999890327454,23.427500247955322,0,58.40999984741211,Water Year
BH,low,511,37.40985,-119.96458,historic,1988,78.00083462397258,0,29.920833498239517,7.985833366711934,23.584166765213013,15.785000065962473,15.598333398501078,6.813431438520141,35.180001854896545,359.0500019788742,113.71645449254609,13.604999780654907,23.08750033378601,0,80.26000213623047,Water Year
BH,low,511,37.40985,-119.96458,historic,1989,75.04666741689046,0,45.82916620373726,7.506666645407677,22.733333667119343,15.12000015626351,15.226667021711666,6.755517786322142,35.850000619888306,549.9499944448471,93.17535131843331,11.299999952316284,25.235000133514404,0,27.739999771118164,Water Year
BH,low,511,37.40985,-119.96458,historic,1990,75.26916583379109,0,28.093333788836997,7.825833464662234,23.451666593551636,15.638750029106935,15.625833128889402,6.859106162438915,34.559999108314514,337.12000546604395,110.71381088674711,7.284999847412109,23.945000012715656,0,75.660003662109375,Water Year
BH,low,511,37.40985,-119.96458,historic,1991,76.08083375295004,0,44.58250099498158,7.5491667588551845,22.96333344777425,15.256250103314718,15.414166688919067,7.155723153488737,36.77000164985657,534.9900119397789,196.6166813444349,7.899999976158142,26.130001068115234,0,28.81999969482422,Water Year
BH,low,511,37.40985,-119.96458,historic,1992,76.12416553497314,0,38.64416607841849,9.319166799386343,23.858333349227905,16.588750074307125,14.539166549841562,6.765415447420369,34.18999981880188,463.7299929410219,127.1916067650317,10.65000057220459,24.444999933242798,0,42.65999984741211,Water Year
BH,low,511,37.40985,-119.96458,historic,1993,70.97416750590007,0,63.845833937327065,8.080000152190525,22.708333333333332,15.39416674276193,14.628333181142807,6.4952013103572686,32.47000074386597,766.1500072479248,139.80326307227193,6.980000197887421,23.418333371480305,0,161.94000244140625,Water Year
BH,low,511,37.40985,-119.96458,historic,1994,81.51000038782756,0,33.47250050803026,8.285833328962326,23.65416653951009,15.969999934236208,15.368333210547766,6.889157091125987,34.11000096797943,401.67000609636307,90.6387466926564,7.909999847412109,26.22249984741211,0,59.20000076293945,Water Year
BH,low,511,37.40985,-119.96458,recent,1995,62.86333346366882,0,71.0649994299747,8.307500084241232,22.204166968663532,15.255833526452383,13.896666884422302,6.731722817056848,33.18000078201294,852.7799931596965,132.1287628327601,9.035000085830688,18.55999994277954,0.20999999344348907,59.33000183105469,Water Year
BH,low,511,37.40985,-119.96458,recent,1996,71.56666588783264,0,49.5858342749998,9.159999986489614,24.25249989827474,16.706249942382176,15.092499911785126,6.460355004886215,33.01999855041504,595.0300112999976,104.18307636969735,10.519999742507935,21.62000036239624,0.10999999940395357,78.91999816894531,Water Year
BH,low,511,37.40985,-119.96458,recent,1997,80.07250006993611,0,71.57166501631339,9.097500026226044,23.747499863306682,16.42249994476636,14.649999837080639,6.375658776262758,30.189998149871826,858.8599801957607,178.8483858444836,8.924999952316284,25.0049991607666,0,323.2699890136719,Water Year
BH,low,511,37.40985,-119.96458,recent,1998,60.85249972343445,0,79.80583240340154,8.354166795810064,21.650832970937092,15.002499883373579,13.29666617512703,6.788708033845775,34.07999908924103,957.6699888408184,111.13864667976239,7.799999952316284,26.34999942779541,0,57.91999816894531,Water Year
BH,low,511,37.40985,-119.96458,recent,1999,73.08416652679443,0,37.377500186363854,7.449166640639305,22.63333336512248,15.041250002880892,15.184166724483172,7.017823844936421,34.37000089883804,448.5300022363663,116.8544530619181,7.855000019073486,23.741666952768963,0,54.810001373291016,Water Year
BH,low,511,37.40985,-119.96458,recent,2000,70.2308333714803,0,62.44166810391471,8.56833329796791,23.799999793370564,16.18416654566924,15.231666495402655,6.273825892688486,33.69000065326691,749.3000172469765,131.7838314983309,9.710000038146973,23.709999561309814,0.00999999977648258,1.830000042915344,Water Year
BH,low,511,37.40985,-119.96458,recent,2001,76.07999960581462,0,32.577500422795616,8.538333505392075,24.124166409174602,16.331249957283337,15.585832903782526,7.548467894798237,34.56999969482422,390.93000507354736,126.09838122421716,7.230000019073486,24.78249979019165,0,113.97000122070313,Water Year
BH,low,511,37.40985,-119.96458,recent,2002,75.86250003178914,0,38.78583293904861,8.518333266178766,23.663333574930828,16.090833420554798,15.14500030875206,6.997539178914677,34.80000078678131,465.4299952685833,125.89713508350845,7.480000138282776,24.984999179840088,0.3400000035762787,48.34000015258789,Water Year
BH,low,511,37.40985,-119.96458,recent,2003,69.38499959309895,0,42.38833327653507,8.960000038146973,24.423333247502644,16.69166664282481,15.463333209355671,7.201546245986122,34.93000078201294,508.6599993184209,106.57648819295048,8.430000066757202,24.914999961853027,0.4900000095367432,140.75,Water Year
BH,low,511,37.40985,-119.96458,recent,2004,81.45499992370605,0,44.44166701038679,8.54583336909612,23.817500352859497,16.18166686097781,15.271666983763376,6.879582037060946,33.419999837875366,533.3000041246414,128.8112584405175,15.90500020980835,25.697500228881836,0,52.58000183105469,Water Year
BH,low,511,37.40985,-119.96458,recent,2005,68.40666611989339,0,62.29583477973938,8.233333369096119,23.077499787012737,15.655416578054428,14.844166417916616,6.915539929056507,35.34000062942505,747.5500173568726,115.91880283883107,7.860000014305115,27.735000610351563,0,229.7400054931641,Water Year
BH,low,511,37.40985,-119.96458,recent,2006,69.94499905904135,0,60.09083301325639,8.747499813636145,23.577500025431316,16.16249991953373,14.830000211795172,7.146765831063111,35.32999813556671,721.0899961590767,118.9369557057268,11.785000324249268,26.244998931884766,0,150.69000244140625,Water Year
BH,low,511,37.40985,-119.96458,recent,2007,82.81416622797649,0,29.158333470424015,8.295000026623407,23.49833345413208,15.896666740377745,15.203333427508673,6.869987194662797,35.730000257492065,349.9000016450882,124.26118146215846,8.90999972820282,24.262499809265137,0,24.75,Water Year
BH,low,511,37.40985,-119.96458,recent,2008,80.07666619618735,0,37.13666636993487,8.561666563153267,23.640000422795612,16.10083349297444,15.078333859642346,7.460012258749643,34.4100016951561,445.63999643921846,166.45993784918926,6.745000183582306,24.81250035762787,0,103.48999786376952,Water Year
BH,low,511,37.40985,-119.96458,recent,2009,74.39333407084148,0,45.847499831579626,8.82833327849706,23.265833218892414,16.047083248694737,14.437499940395355,7.11792523350278,34.54999828338623,550.1699979789555,90.28552275989128,8.649999856948853,26.79499912261963,0,78.62999725341797,Water Year
BH,low,511,37.40985,-119.96458,recent,2010,69.19999853769939,0,54.4916672706604,8.130833327770233,22.205833196640015,15.168333262205124,14.074999868869781,6.7551907510961335,33.180001735687256,653.9000072479248,101.02821597930176,9.075000286102295,23.456249952316284,0,119.87000274658205,Water Year
BH,low,511,37.40985,-119.96458,recent,2011,66.08250029881795,0,73.52000024914742,8.203333238760631,22.110833406448364,15.157083322604498,13.907500167687733,6.921962149233717,33.0199990272522,882.240002989769,110.50288017043752,9.014999866485596,24.435000896453857,0.3799999952316284,114.58999633789063,Water Year
BH,low,511,37.40985,-119.96458,recent,2012,82.63166618347168,0,26.4649999239482,8.48000005632639,23.761666695276897,16.12083337580164,15.281666638950506,7.272942246008805,36.599998623132706,317.5799990873784,126.01756309706725,13.110000133514404,22.854999542236328,0,0.00999999977648258,Water Year
BH,low,511,37.40985,-119.96458,recent,2013,79.99166758855183,0,32.986667169258,8.746666652460894,23.702500184377033,16.224583418418963,14.955833531916142,7.093038002555937,36.039999693632126,395.840006031096,177.126291715162,7.605000138282776,27.47499942779541,0.10000000149011612,24.479999542236328,Water Year
BH,low,511,37.40985,-119.96458,recent,2014,93.24833218256632,0,20.07750002791484,9.48166673630476,25.201666593551636,17.341666664928198,15.719999857246876,6.5289136202645315,35.089998334646225,240.9300003349781,100.08038304594226,10.55500054359436,26.492499828338623,0,15.859999656677246,Water Year
BH,low,511,37.40985,-119.96458,recent,2015,92.6200008392334,0,22.920000345756613,10.089166541894278,24.7516671816508,17.420416861772537,14.66250063975652,6.187198931997046,31.010000944137573,275.0400041490793,128.36583159295307,9.84000015258789,25.6850004196167,0.07999999821186066,5.710000038146973,Water Year
BH,low,511,37.40985,-119.96458,recent,2016,72.59833431243896,0,63.09916625916958,9.040000031391779,23.59333324432373,16.316666637857754,14.553333212931951,7.0160768155380175,34.4799998998642,757.1899951100349,105.61008481019147,8.360000014305115,26.12000036239624,0,155.13999938964844,Water Year
BH,low,511,37.40985,-119.96458,recent,2017,72.79833157857259,0,80.54666627850384,9.59333328406016,23.5624996026357,16.57791644334793,13.96916631857554,7.298362800931189,34.57999920845032,966.559995342046,143.43153583672628,7.0750001668930045,27.559999465942383,0.05000000074505806,363.94000244140625,Water Year
BH,low,511,37.40985,-119.96458,recent,2018,75.17833185195923,0,40.66000099976858,9.309166659911474,24.179166555404663,16.74416660765807,14.86999989549319,6.799718051651643,34.55999958515167,487.9200119972229,185.61018192640847,9.875000238418579,24.927499771118164,0,14.84000015258789,Water Year
BH,low,511,37.40985,-119.96458,recent,2019,69.31333494186401,0,64.93083320061366,9.088333348433176,23.011666695276894,16.050000021855038,13.92333334684372,6.928955882742755,33.06000089645386,779.1699984073639,117.21968853505994,6.439999818801879,22.771666685740154,0,233.1499938964844,Water Year
BH,low,511,37.40985,-119.96458,recent,2020,78.08749874432881,0,33.116666658471026,9.888333261013031,24.394166707992554,17.141249984502792,14.505833446979523,7.095866189797575,33.1899995803833,397.39999990165234,138.51793503547688,9.009999990463257,23.708333333333332,0.27000001072883606,22.530000686645508,Water Year
BH,low,511,37.40985,-119.96458,recent,2021,87.57333183288574,0,33.42166696550945,9.964999854564667,24.450000524520874,17.20750018954277,14.485000669956207,7.839318401629088,34.630001068115234,401.06000358611345,134.58118661679322,8.669999957084656,24.22000014781952,0.07000000029802322,152.47000122070313,Water Year
BH,low,511,37.40985,-119.96458,recent,2022,83.01666609446208,0,27.067499978467822,11.039999862511952,24.871666669845585,17.955833266178768,13.831666807333633,7.378159429942897,32.8199987411499,324.80999974161386,197.0644619861059,8.270000100135803,23.960000514984138,3.259999990463257,196.22000122070313,Water Year
BH,low,511,37.40985,-119.96458,recent,2023,74.72000042597455,0,86.04083386374022,9.736666709184655,21.991666793823242,15.864166751503948,12.255000084638585,7.819954241544826,35.14000046253207,1032.4900063648824,134.43895716429105,7.7100000381469656,28.5200004577637,0.0399999991059303,116.360000610352,Water Year
BH,low,511,37.40985,-119.96458,recent,2024,74.01000118255612,0,43.43916727105772,11.259166797002162,23.80249977111815,17.530833284060154,12.543332974115987,7.19442132560001,32.85999917984004,521.2700072526927,120.76491133276396,9.889999866485574,25.715000152587898,0.490000009536743,108.76000213623,Water Year
BH,low,511,37.40985,-119.96458,recent,2025,74.08818123557346,0,42.11454476009722,9.989999803629782,23.018181627446936,16.50409071553836,13.028181823817155,7.056183377294586,32.570001244544954,463.2599923610694,118.66142391598585,10.519999742507924,24.759999275207498,1.79999995231628,17.5599994659424,Water Year
CP2_garden,high,2244,38.66169,-120.13065,historic,1965,57.34750064214071,622.146666208903,159.0249989827474,-1.5908334354559581,11.723333438237509,5.066250001390775,13.314166873693466,5.942346979618439,29.829999446868896,1908.2999877929688,135.75161910798295,-1.4500000476837158,14.229999542236328,16.3700008392334,779.19000244140625,Water Year
CP2_garden,high,2244,38.66169,-120.13065,historic,1966,67.11416657765706,181.82916895548502,75.26083314496402,-0.9758332471052805,13.492500146230062,6.25833344956239,14.468333393335342,7.17206086263199,35.980000495910645,903.1299977395684,129.1255058522264,1.875,8.835000455379486,9.609999656677246,101.33000183105467,Water Year
CP2_garden,high,2244,38.66169,-120.13065,historic,1967,51.13666661580404,392.01916790008545,157.67749832073847,-0.7933333019415537,12.044166704018911,5.625416701038678,12.837500005960464,6.8766057621545595,32.55999946594238,1892.1299798488617,91.46876441929493,-0.6050000190734863,15.700000286102295,49.34000015258789,328.67999267578125,Water Year
CP2_garden,high,2244,38.66169,-120.13065,historic,1968,64.4025011062622,132.63750203450522,79.51250060399373,-0.26250001043081267,12.583333373069763,6.160416681319475,12.845833383500576,6.150998194483616,31.749999046325687,954.1500072479248,84.12326979445524,-1.2650001049041748,16.10999965667725,2.9000000953674316,151.22000122070313,Water Year
CP2_garden,high,2244,38.66169,-120.13065,historic,1969,62.715000788370766,569.1874949137369,163.9816681543986,-0.8841666976610819,11.351666600753864,5.2337499515463906,12.235833298414946,7.128134360848293,32.53000068664551,1967.7800178527832,123.35485938173339,-1.4250000715255737,15.5600004196167,0,342.4800109863281,Water Year
CP2_garden,high,2244,38.66169,-120.13065,historic,1970,61.90083328882854,328.36333719889325,115.5091662382086,-0.3500000151495139,12.575833400090536,6.1129166924705105,12.92583341524005,6.349261855888831,31.260000228881836,1386.1099948585033,134.65393960581,-0.8949999809265137,16.105000019073486,0,533.1099853515625,Water Year
CP2_garden,high,2244,38.66169,-120.13065,historic,1971,55.0666663646698,327.200829188029,116.53666710853577,-1.3583333392937977,11.280833393335342,4.961250027020772,12.63916673262914,6.606652036349075,32.34000110626221,1398.4400053024292,116.41530407541347,-3.9400001168251038,15.094999551773071,13.369999885559082,417.69000244140625,Water Year
CP2_garden,high,2244,38.66169,-120.13065,historic,1972,64.3583333492279,205.3416690826416,93.43833260207127,-0.9666667133569719,12.101666601995626,5.567499944319327,13.0683333153526,6.777403114072551,34.30999946594238,1121.2599912248552,102.47642544799577,-4.975000187754632,16.104999542236328,0.05999999865889549,337.6499938964844,Water Year
CP2_garden,high,2244,38.66169,-120.13065,historic,1973,61.05999994277954,338.31083424886066,114.82250066598256,-1.145833303531011,12.077500025431315,5.465833360950152,13.223333328962326,7.222544849216757,32.53999900817871,1377.8700079917908,93.22624928017252,-2.8049999475479126,12.975000143051147,10.84000015258789,193.22999572753903,Water Year
CP2_garden,high,2244,38.66169,-120.13065,historic,1974,56.75000063578288,426.60999298095703,142.92749905586243,-0.7125000196198622,12.881666620572409,6.0845833004762735,13.59416664019227,6.85384607385164,31.030000686645508,1715.1299886703491,101.4629758614724,0.125,14.62000036239624,19.049999237060547,188.7899932861328,Water Year
CP2_garden,high,2244,38.66169,-120.13065,historic,1975,57.374999364217125,262.77249781290686,126.3950007756551,-1.692500005165736,11.792499959468842,5.049999977151552,13.484999964634577,6.802759141385564,31.190000534057617,1516.7400093078613,90.22250768864393,-1.9649999141693115,15.070000171661377,1.5,175.00999450683594,Water Year
CP2_garden,high,2244,38.66169,-120.13065,historic,1976,59.106666564941406,24.741666180236884,52.74250022570292,-1.0700000077486038,12.750833431879679,5.8404167120655375,13.820833439628283,5.805315966635162,30.899999618530273,632.9100027084351,64.32845279030398,-1.0750000476837158,10.40000033378601,32.83000183105469,123.48999786376952,Water Year
CP2_garden,high,2244,38.66169,-120.13065,historic,1977,64.17583322525024,25.4950008392334,42.40583382050196,-0.34083330631256104,13.834166844685873,6.746666769186656,14.175000150998434,6.644634339094508,33.61000061035156,508.87000584602356,88.49135450716088,2.3300000429153442,16.580000400543213,3.359999895095825,74.19999694824219,Water Year
CP2_garden,high,2244,38.66169,-120.13065,historic,1978,60.08499987920125,303.353333791097,145.19583348433176,-0.23833326250314713,12.861666878064474,6.3116668077806635,13.100000140567621,5.995708159869889,29.90000057220459,1742.3500018119812,93.70703392014967,-0.9649999141693115,10.550000309944151,9.369999885559082,234.6499938964844,Water Year
CP2_garden,high,2244,38.66169,-120.13065,historic,1979,58.06166617075603,250.42667134602863,106.96416661143303,-1.1491667280594509,12.279999742905298,5.565416507422924,13.42916647096475,7.307610920149379,32.670000076293945,1283.5699993371964,88.9821775944203,-2.634999990463257,14.674999475479126,35.56999969482422,273.32000732421875,Water Year
CP2_garden,high,2244,38.66169,-120.13065,historic,1980,59.18250068028768,307.8633330663045,128.11166548728943,-0.36250003178914386,12.0949999888738,5.866249978542328,12.457500020662943,5.891461853038121,30,1537.3399858474731,115.98670057198022,-0.125,14.524999618530273,23.850000381469727,114.66000366210938,Water Year
CP2_garden,high,2244,38.66169,-120.13065,historic,1981,68.26583369572957,74.9691678682963,80.98416592180729,0.8266667500138283,13.740833361943563,7.283750055978696,12.914166611929735,6.399923039407557,31.03000020980835,971.8099910616875,93.47642060910982,1.1850000619888306,13.765000104904175,0.5,105.76000213623048,Water Year
CP2_garden,high,2244,38.66169,-120.13065,historic,1982,55.02333402633667,481.3508415222168,192.48583360513052,-0.2841666589180628,11.05166651805242,5.383749929567178,11.335833176970482,6.223329584817921,30.239999294281006,2309.830003261566,74.1212459974269,2.490000009536743,14.59999942779541,14.529999732971191,358.760009765625,Water Year
CP2_garden,high,2244,38.66169,-120.13065,historic,1983,55.818332513173424,572.2466621398926,171.19833087921143,-0.39249996903042,10.874166528383892,5.240833279676735,11.266666497414311,6.2583473964047425,26.839999198913578,2054.379970550537,83.30123166359245,-1.084999918937683,12.83500027656555,47.54999923706055,281.17999267578125,Water Year
CP2_garden,high,2244,38.66169,-120.13065,historic,1984,58.88583326339722,491.68250020345056,140.96666951974234,0.2508332629998525,12.100833316644033,6.175833289821942,11.85000005364418,6.829179957362576,31.079999923706055,1691.600034236908,127.32826022544764,0.5150001049041748,15.995000362396238,25.229999542236328,198.33999633789065,Water Year
CP2_garden,high,2244,38.66169,-120.13065,historic,1985,65.15250015258789,205.69916788736978,87.07249943415324,0.038333276907602944,12.36333336432775,6.200833320617676,12.325000087420145,7.325908809495575,32.24999952316284,1044.8699932098389,117.79242436774149,0.24000000953674316,8.019999921321869,12,65.839996337890625,Water Year
CP2_garden,high,2244,38.66169,-120.13065,historic,1986,60.03166675567627,331.13083267211914,144.96833115816116,0.7291667163372039,12.615833322207134,6.672500019272169,11.88666660586993,5.97937874847338,29.55000066757202,1739.619973897934,131.94357073105633,0.25,17.480000495910645,1.5299999713897705,266.44000244140625,Water Year
CP2_garden,high,2244,38.66169,-120.13065,historic,1987,69.54666741689046,70.54833328723907,57.57916686932246,1.2066666139289737,14.097499966621399,7.652083290275186,12.890833352692425,6.934062289281738,32.489999771118164,690.9500024318695,107.3155122167442,-0.8400001525878906,17.544999599456787,1.7000000476837158,148.38999938964844,Water Year
CP2_garden,high,2244,38.66169,-120.13065,historic,1988,69.35916598637898,109.82750193277995,58.728334188461304,1.0483333853383858,13.870833377043406,7.459583381190896,12.82249999170502,7.323951576269472,33.049999713897705,704.7400102615356,117.56868511455444,-3.1149998903274536,12.544999599456789,6.679999828338623,220.0500030517578,Water Year
CP2_garden,high,2244,38.66169,-120.13065,historic,1989,60.2441668510437,195.05249786376953,119.84416743585219,0.2816666290163994,12.060000022252401,6.1708333256344,11.778333393236002,6.901030863217729,31.690000534057617,1438.1300092302263,92.421806613510185,1.6749999523162842,17.19000005722046,0.05999999865889549,113.41999816894533,Water Year
CP2_garden,high,2244,38.66169,-120.13065,historic,1990,60.9358336130778,52.6308339436849,69.62166647116344,0.792499929666519,13.610000014305115,7.201249971985817,12.817500084638596,6.380079419156499,33.34000015258789,835.4599976539612,80.92050856896326,-0.4399998188018799,2.9099998474121103,21.280000686645508,139.1999969482422,Water Year
CP2_garden,high,2244,38.66169,-120.13065,historic,1991,54.110000133514404,92.27750031153361,83.48249999682109,0.29499997695287056,12.6375000278155,6.466250002384186,12.34250005086263,6.988866616207304,32.17000102996826,1001.789999961853,149.3788006250954,-2.865000009536743,15.854999542236328,19.920000076293945,469.6199951171875,Water Year
CP2_garden,high,2244,38.66169,-120.13065,historic,1992,60.285833517710365,49.12250010172526,74.79499951998393,1.5983332693576815,13.839166601498922,7.718749935428302,12.240833332141241,6.175181620958815,29.809999465942383,897.5399942398071,82.44820989736039,0.7099999189376831,13.930000066757202,35.68000030517578,54.709999084472656,Water Year
CP2_garden,high,2244,38.66169,-120.13065,historic,1993,58.28166707356771,391.4499969482422,128.24499948477992,-0.31333328286806744,12.034166763226192,5.860416740179062,12.34750004609426,6.629391737292251,30.220000743865967,1538.9399938173592,118.60604464381362,-2.929999887943268,14.080000162124634,0.9399999976158142,413.9100036621094,Water Year
CP2_garden,high,2244,38.66169,-120.13065,historic,1994,68.6941663424174,79.23000144958496,61.365000211944185,0.4633333658178647,13.68666676680247,7.075000066310167,13.223333400984606,7.100122957844616,34.230000495910645,736.3800025433302,101.08661718932231,-2.370000123977661,17.750000476837158,1.399999976158142,227.22000122070313,Water Year
CP2_garden,high,2244,38.66169,-120.13065,recent,1995,52.89333359400432,604.8291753133138,168.18333188273633,-0.4766666640837987,11.865000247955322,5.6941667919357615,12.341666912039122,6.809752413120119,31.260000705718994,2018.199982592836,117.27705502603585,-0.1399998664855957,14.585000276565552,0.949999988079071,316.6400146484375,Water Year
CP2_garden,high,2244,38.66169,-120.13065,recent,1996,53.825834115346275,286.3983345031738,138.0033299525579,0.8766667197148004,13.579166889190674,7.227916804452737,12.702500169475874,6.405414591693815,30.220000743865967,1656.0399594306946,98.44090142550907,0.25999999046325684,17.9350004196167,4.599999904632568,342.8599853515625,Water Year
CP2_garden,high,2244,38.66169,-120.13065,recent,1997,59.959166526794434,415.3066660563151,141.52417011062303,0.6333333253860474,13.26666655143102,6.949999938408534,12.633333226044973,6.166640069848116,29.920000076293945,1698.2900413274765,149.2819044568027,-0.630000114440918,16.44000005722046,1.5700000524520874,582.3800048828125,Water Year
CP2_garden,high,2244,38.66169,-120.13065,recent,1998,50.36666599909464,347.94583193461096,143.31083383162817,-0.3008333618442219,11.539166649182638,5.619166643669208,11.84000001102686,6.910713219960337,31.789999961853027,1719.730005979538,97.4305438574625,-2.180000066757202,17.489999771118164,3.799999952316284,473.1400146484375,Water Year
CP2_garden,high,2244,38.66169,-120.13065,recent,1999,61.66750065485637,279.90334065755206,116.98166986306508,-0.16499994446833924,12.764166792233786,6.299583423882723,12.929166736702124,6.762499064126072,30.640000343322754,1403.780038356781,104.32455159015589,-1.2949998378753662,15.890000343322754,7.670000076293945,388.1400146484375,Water Year
CP2_garden,high,2244,38.66169,-120.13065,recent,2000,65.20250002543132,165.13666892051697,110.49999847418319,0.986666684349378,13.747500081857046,7.367083383103211,12.760833397507668,6.177957478716538,29.27000093460083,1325.9999816901982,115.0542478621159,-0.2749999761581421,15.380000352859495,9.760000228881836,380.55999755859375,Water Year
CP2_garden,high,2244,38.66169,-120.13065,recent,2001,68.82250022888184,75.06666541099548,64.31916643679142,0.9516666730244956,14.29416678349177,7.622916728258133,13.342500110467274,7.524241318317061,33.72000074386597,771.829997241497,101.18495411951717,-2.284999966621399,18.43000030517578,0.6600000262260437,192.4199981689453,Water Year
CP2_garden,high,2244,38.66169,-120.13065,recent,2002,65.55750068028767,183.35250155131024,92.50416596746072,0.6650000177323819,13.755833148956299,7.21041658334434,13.090833131223917,7.16608312626646,33.5,1110.0499916095287,112.93158233656935,-1.6050000190734863,16.579999923706055,21.829999923706055,114.47000122070313,Water Year
CP2_garden,high,2244,38.66169,-120.13065,recent,2003,56.24500068028768,170.6683317820231,106.3291660050551,1.47166666885217,14.085833291212717,7.778749980032444,12.614166622360548,7.225021211790913,32.30999994277954,1275.9499920606613,108.29257620642296,-1.1899999380111694,13.984999895095825,24.3799991607666,356.92999267578125,Water Year
CP2_garden,high,2244,38.66169,-120.13065,recent,2004,68.09666713078816,222.3716697692871,102.23666686316331,0.756666680177053,13.244166513284048,7.000416596730551,12.487499833106995,6.8788962958216775,31.65999984741211,1226.8400023579597,113.4264608733349,-0.5299999713897705,16.47999954223633,5.71999979019165,249.7100067138672,Water Year
CP2_garden,high,2244,38.66169,-120.13065,recent,2005,58.39833291371664,160.02000149091086,114.06916765868664,0.6266666452089945,12.854166507720947,6.740416576464971,12.227499862511953,6.609015604588244,30.999999523162842,1368.8300119042397,82.56823692759475,0.039999961853027344,18.734999656677246,0.5600000023841858,277.1400146484375,Water Year
CP2_garden,high,2244,38.66169,-120.13065,recent,2006,61.96333281199138,329.4908320109049,143.12083292007446,0.9991666649778684,13.489166617393494,7.244166641185681,12.489999952415625,7.253605052541644,33.90000057220459,1717.4499950408936,113.72148779805244,1.1549999713897705,13.91499948501587,5.010000228881836,302.57000732421875,Water Year
CP2_garden,high,2244,38.66169,-120.13065,recent,2007,69.75833288828532,69.40416590372722,71.95083198944728,1.5908332963784535,13.919166684150696,7.754999990264575,12.328333387772242,6.873322499399477,32.46999931335449,863.4099838733673,112.22120355985574,0.6099998950958252,18.669999599456787,2.0899999141693115,49.2400016784668,Water Year
CP2_garden,high,2244,38.66169,-120.13065,recent,2008,69.24500036239624,166.41749572753906,69.35333504838248,1.131666677693526,13.741666575272879,7.436666626483202,12.609999897579351,7.503272142218936,32.42000102996826,832.2400205805898,134.76993611468683,-2.2950000762939453,18.55000066757202,0.07999999821186066,294.8900146484375,Water Year
CP2_garden,high,2244,38.66169,-120.13065,recent,2009,64.30916706720988,123.65750122070313,101.67833262681961,1.3908333412061138,13.735833406448364,7.563333373827239,12.34500006524225,6.888246076452681,30.8100004196167,1220.1399915218353,79.35323576437655,-0.5750000476837158,18.235000133514404,1.2799999713897705,220.5099945068359,Water Year
CP2_garden,high,2244,38.66169,-120.13065,recent,2010,61.32916657129924,165.4125010172526,106.8916658659776,0.6399999459584553,12.535000026226044,6.58749998609225,11.895000080267588,6.682995769650254,30.669999599456787,1282.6999903917313,83.40465828707976,8.68500018119812,14.354999542236328,3.7100000381469727,179.14999389648438,Water Year
CP2_garden,high,2244,38.66169,-120.13065,recent,2011,51.423333485921226,339.99916585286456,143.4783355873078,0.5600000520547231,12.254999975363413,6.407500013709068,11.694999923308691,6.913435690255468,31.559999465942383,1721.7400270476937,99.11313546054909,-0.16500020027160645,16.980000019073486,0.10000000149011612,218.5500030517578,Water Year
CP2_garden,high,2244,38.66169,-120.13065,recent,2012,66.88166666030884,29.62749989827474,64.56333382924397,1.7783333758513131,14.138333280881245,7.95833332836628,12.359999905029932,6.907019551703661,31.34999942779541,774.7600059509277,117.62243730957394,1.0049998760223386,0.6700000762939453,18.020000457763672,48.97999954223633,Water Year
CP2_garden,high,2244,38.66169,-120.13065,recent,2013,68.34666681289673,142.600835164388,78.66499928633372,1.342499996225039,13.575833360354107,7.459166678289573,12.233333364129066,6.9276854880632595,32.27000045776367,943.9799914360046,139.21806763475888,-1.7599999904632568,16.16499948501587,7.449999809265137,402.25,Water Year
CP2_garden,high,2244,38.66169,-120.13065,recent,2014,63.759167194366455,24.17750120162964,68.26833275953929,2.369166612625122,14.802500049273174,8.585833330949148,12.433333436648052,6.217944226272562,30.98999929428101,819.2199931144714,108.54685194414597,1.4600000381469727,13.700000286102295,30.31999969482422,47.790000915527344,Water Year
CP2_garden,high,2244,38.66169,-120.13065,recent,2015,66.17916663487752,33.99833297729492,70.24583200613658,2.898333303630352,14.794166763623556,8.846250033626953,11.895833459993204,5.7513327483010634,27.540000438690186,842.9499840736389,97.71420284112199,0.75,3.699999988079071,5.71999979019165,217.1699981689453,Water Year
CP2_garden,high,2244,38.66169,-120.13065,recent,2016,67.59083429972331,221.17083358764648,126.37416623036067,1.5450000117222469,13.37249998251597,7.458749997119109,11.827499970793724,7.008861685396413,31.649999618530273,1516.489994764328,98.57243219680385,7.8349997997283944,17.575000286102295,3.140000104904175,278.3800048828125,Water Year
CP2_garden,high,2244,38.66169,-120.13065,recent,2017,60.32833449045817,502.74749581019086,177.40749938289323,1.5566667815049489,13.257499873638153,7.407083327571551,11.700833092133204,7.105436224795598,32.02999973297119,2128.889992594719,129.83181779549798,-2.194999933242798,18.52500009536743,1.6299999952316284,721.94000244140625,Water Year
CP2_garden,high,2244,38.66169,-120.13065,recent,2018,64.73000033696492,55.77666664123535,89.81166642888759,2.23000002404054,14.310833295186361,8.270416659613451,12.08083327114582,6.918939249822313,32.32000017166138,1077.7399971466511,144.35910138157783,-0.3250000476837158,14.050000190734863,6.090000152587891,421.5199890136719,Water Year
CP2_garden,high,2244,38.66169,-120.13065,recent,2019,59.070834477742515,247.0583267211914,128.84583253599703,0.8083333832522235,12.512499849001568,6.660416616126895,11.704166465749344,6.885867926986924,33.189998626708984,1546.1499904319644,115.83355546226407,-4.239999771118164,17.419999599456787,0.119999997317791,500.9299926757813,Water Year
CP2_garden,high,2244,38.66169,-120.13065,recent,2020,69.39000002543132,128.2124989827474,71.44833464547992,2.390000025431315,14.385833263397217,8.387916644414267,11.995833237965902,7.127463684869876,30.78000020980835,857.380015745759,130.07219818882893,0.034999966621398926,12.995000123977661,6.670000076293945,210.16000366210935,Water Year
CP2_garden,high,2244,38.66169,-120.13065,recent,2021,67.73500029246013,59.975000540415444,80.95916843911012,2.0774999260902405,13.770833412806192,7.9241666694482165,11.693333486715952,7.355468862756654,31.19999933242798,971.5100212693214,117.68234718303444,6.885000050067901,17.760000228881836,18.36000061035156,81.75,Water Year
CP2_garden,high,2244,38.66169,-120.13065,recent,2022,67.84666760762532,130.28583272298178,71.53083334366481,2.7466666499773664,13.810000379880274,8.27833351492882,11.063333729902906,6.645291815738481,28.77000093460083,858.3700001239777,176.23595089467568,0.3049999475479126,18.020000457763672,13.93000030517578,456.2900085449219,Water Year
CP2_garden,high,2244,38.66169,-120.13065,recent,2023,57.724167029062855,776.9408346811924,196.16583071385196,0.39750001827875764,11.027500132719688,5.712500075499222,10.63000011444093,7.571726908558095,32.219999790191636,2353.9899685662235,119.60784489340074,-2.2649999856948853,18.2849998474121,0.0299999993294477,571.97998046875,Water Year
CP2_garden,high,2244,38.66169,-120.13065,recent,2024,68.05500094095876,194.13583628336582,94.09583233203743,2.2908333390951134,12.744166592756905,7.5174999659260084,10.453333253661791,7.440865458030231,31.24999999999996,1129.1499879844491,114.71163296826447,-0.74000000953674006,15.054999351501484,8.18000030517578,235.309997558594,Water Year
CP2_garden,high,2244,38.66169,-120.13065,recent,2025,60.74909071488819,208.44545260342687,117.33909121426674,1.9027273329821546,12.400000138716257,7.1513637358492055,10.497272805734102,7.023730258590418,27.64999961853025,1290.730003356934,114.01513087713319,-0.02500009536743475,14.635000228881855,23.5,412.049987792969,Water Year
DPR,mid,1019,39.22846,-120.81518,historic,1965,25.37333329518636,40.66416676839193,160.08500051498413,5.7224999355773125,18.75000007947286,12.236250007525086,13.027500143895546,6.278141078876762,29.970000609755512,1921.0200061798096,152.1770249156483,5.290000021457672,21.790000438690186,0,339.7099914550781,Water Year
DPR,mid,1019,39.22846,-120.81518,historic,1966,29.34833335876465,18.59499994913737,79.66750245292981,5.712499996026357,19.761666615804035,12.737083305915197,14.04916661977768,7.207674009898375,33.549999594688416,956.0100294351578,119.80553578014477,7.889999985694885,19.12499976158142,0,119.0500030517578,Water Year
DPR,mid,1019,39.22846,-120.81518,historic,1967,24.365833520889282,7.794166882832845,159.50083112716675,6.056666608899832,19.173333724339802,12.615000166619817,13.116667115439972,7.58299389832155,33.46000090241432,1914.009973526001,103.09053091866453,5.630000211298466,24.387500524520874,0,275.739990234375,Water Year
DPR,mid,1019,39.22846,-120.81518,historic,1968,28.518333355585735,15.6200000445048,98.31666653292875,5.553333322207132,19.87416656812032,12.713749945163727,14.320833245913187,6.260079524833384,33.72999978065491,1179.799998395145,95.91950769973771,4.4300002455711365,22.670000076293945,0.119999997317791,199.6499938964844,Water Year
DPR,mid,1019,39.22846,-120.81518,historic,1969,25.31249976158142,149.2916628519694,165.34666761259237,5.112500034272671,18.46166654427846,11.787083289275566,13.349166510005793,7.322307816739046,33.74999940395355,1984.1600113511086,132.12595354074492,4.140000209212303,22.27999973297119,0,393.4100036621094,Water Year
DPR,mid,1019,39.22846,-120.81518,historic,1970,28.84916639328003,9.874166886011759,134.3866674186041,6.4066666165987645,20.25416652361552,13.330416570107142,13.847499907016754,6.534106284946526,31.129998445510864,1612.6400090232491,155.00547752414943,5.675000190734863,23.274999380111694,0,688.55999755859375,Water Year
DPR,mid,1019,39.22846,-120.81518,historic,1971,25.673333644866943,49.6200008392334,127.25749838352203,5.463333348433177,18.745833158493042,12.10458325346311,13.282499810059866,6.96331436675326,32.67999982833862,1527.0899806022644,120.46422524905252,3.180000066757202,22.989999771118164,4.53000020980835,453.94000244140625,Water Year
DPR,mid,1019,39.22846,-120.81518,historic,1972,27.875,45.69166692097982,99.68833343187968,5.584999958674113,19.36750002702077,12.476249992847443,13.782500068346659,6.932957249189941,34.31000018119812,1196.2600011825562,93.08320784923934,1.899999976158142,22.422500133514404,0,321.17999267578125,Water Year
DPR,mid,1019,39.22846,-120.81518,historic,1973,26.913333535194397,76.49666659037273,135.75583324333033,5.482500048354268,19.013333360354107,12.247916704354187,13.530833311999837,7.489516836078272,34.52000021934509,1629.0699989199638,109.86721019673251,3.2049999237060547,22.71500015258789,0,206.3000030517578,Water Year
DPR,mid,1019,39.22846,-120.81518,historic,1974,24.392499883969624,13.059166669845581,173.1816689968109,6.248333444197972,19.512499968210857,12.880416706204414,13.264166524012884,7.384275757777912,31.619999825954437,2078.180027961731,108.37274392542864,5.725000262260437,22.12999963760376,2.200000047683716,289.1700134277344,Water Year
DPR,mid,1019,39.22846,-120.81518,historic,1975,20.80416663487752,11.048333485921225,129.66166764497757,5.525833387548724,18.81166672706604,12.168750057307383,13.285833339517316,7.015046291925524,30.089999854564667,1555.9400117397308,104.87052150124052,4.950000002980232,21.52500009536743,2.9100000858306885,116.75,Water Year
DPR,mid,1019,39.22846,-120.81518,historic,1976,27.839999834696453,0,46.613333930571876,5.441666753341755,19.849166711171467,12.645416732256612,14.407499957829714,6.097408718817449,31.400000154972076,559.3600071668625,84.52638306594322,6.419999897480011,22.40500020980835,0,25.299999237060547,Water Year
DPR,mid,1019,39.22846,-120.81518,historic,1977,45.15999913215637,0,41.272500385840736,6.412499939401944,20.78583327929179,13.599166609346867,14.373333339889845,6.356596047789319,31.790000677108765,495.2700046300888,99.42366794706606,9.789999723434448,21.34499979019165,7,104.26000213623048,Water Year
DPR,mid,1019,39.22846,-120.81518,historic,1978,26.300833264986675,1.461666742960612,162.55083469549814,6.910833319028218,19.841666618982952,13.376249969005585,12.930833299954731,6.053156949338023,28.789999961853027,1950.6100163459778,105.4021009617739,6.354999899864197,20.75,0,512.280029296875,Water Year
DPR,mid,1019,39.22846,-120.81518,historic,1979,20.47416679064433,22.130833943684895,115.39750204483667,5.759999928375085,19.294999996821087,12.527499962598085,13.535000068446001,7.116963210025335,31.980000257492065,1384.7700245380402,97.53561133996898,4.694999977946281,19.40999984741211,9.220000267028809,291.7200012207031,Water Year
DPR,mid,1019,39.22846,-120.81518,historic,1980,27.71750017007192,2.3024999300638833,140.57750135660172,6.264166607211033,19.581666628519695,12.922916617865363,13.31750002130866,5.8800983035486265,29.639999464154243,1686.9300162792206,120.61167862479854,6.559999942779542,21.354999542236328,22.25,511.5,Water Year
DPR,mid,1019,39.22846,-120.81518,historic,1981,29.637499729792278,0,92.07499838372071,6.722500115633011,21.09166653951009,13.90708332757155,14.369166423877079,6.486531683095208,31.269999742507935,1104.8999806046486,104.96833021169367,7.519999980926514,23.432499885559082,0,235.67999267578125,Water Year
DPR,mid,1019,39.22846,-120.81518,historic,1982,18.15500013033549,18.958333333333332,212.01750093698502,5.825833300749461,18.62833325068156,12.22708327571551,12.802499949932098,6.31653611125665,32.33999991416931,2544.21001124382,86.36827846957668,7.069999814033509,22.09499979019165,2.2200000286102295,290.6099853515625,Water Year
DPR,mid,1019,39.22846,-120.81518,historic,1983,16.955833435058594,19.19833278656006,188.4266655643781,5.710833330949147,18.65499981244405,12.1829165716966,12.944166481494904,6.578363774181733,30.379999339580536,2261.1199867725372,94.28301653885326,6.199999928474426,19.494999885559082,7.5,298.42999267578125,Water Year
DPR,mid,1019,39.22846,-120.81518,historic,1984,24.59583290417989,4.4683332443237305,140.2416654030482,6.655000062038501,20.109999815622967,13.382499938830733,13.454999753584465,7.074975102995276,32.72000075876713,1682.8999848365784,133.57017912822303,7.034999847412109,24.59500026702881,0,505.8599853515625,Water Year
DPR,mid,1019,39.22846,-120.81518,historic,1985,27.225000143051147,0,83.26416693876187,6.138333276845515,19.678333282470703,12.908333279658109,13.540000005625188,7.173163133317409,33.7000013589859,999.1700032651424,129.7612109082646,6.520000100135803,24.575000762939453,0.33000001311302185,79.54000091552734,Water Year
DPR,mid,1019,39.22846,-120.81518,historic,1986,27.70666702588399,0,169.3224984742701,7.050833230217298,19.926666498184204,13.48874986420075,12.875833267966907,6.031161131462601,31.520000278949738,2031.8699816912413,131.07836531769934,7.564999818801881,22.194999933242798,0,275.4800109863281,Water Year
DPR,mid,1019,39.22846,-120.81518,historic,1987,31.550833622614544,0.8324999809265137,59.85000034173329,7.344166666269302,21.167499939600628,14.255833302934965,13.823333273331325,6.53870919600263,32.37000048160553,718.2000041007996,129.13884270112774,7.665000200271607,21.890000343322754,0,156.88999938964844,Water Year
DPR,mid,1019,39.22846,-120.81518,historic,1988,31.665833632151287,20.092500050862633,79.63333204636972,7.379999995231628,20.81250007947286,14.096250037352243,13.432500084241232,7.078569253446011,33.11000061035156,955.5999845564365,138.26666402337827,3.8350000381469727,24.295000314712524,0,359.0199890136719,Water Year
DPR,mid,1019,39.22846,-120.81518,historic,1989,23.854166587193806,0,140.15416638056436,6.449166705211003,19.02833350499471,12.738750105102858,12.579166799783707,6.6580805959504135,32.14000046253204,1681.8499965667725,116.04618531993007,7.96999990940094,22.97000026702881,0,118.06999969482422,Water Year
DPR,mid,1019,39.22846,-120.81518,historic,1990,29.423333406448364,3.935833295186361,74.9791668402031,7.064999975264072,20.69833318392436,13.881666579594215,13.633333208660284,6.342616445407419,32.68000030517578,899.7500020824373,113.10238755807791,5.559999868273735,15.484999805688858,0.05999999865889549,164.82000732421875,Water Year
DPR,mid,1019,39.22846,-120.81518,historic,1991,21.054166316986084,9.382499694824219,95.11083510021369,6.624166684690863,20.00666642189026,13.31541655329056,13.382499737199396,7.102476874769341,33.40999960899353,1141.3300212025642,162.7101417788214,4.4750000378116965,23.5,0,51,Water Year
DPR,mid,1019,39.22846,-120.81518,historic,1992,29.041666905085247,0,85.31750040253003,7.900833348433177,21.294999837875366,14.597916593154272,13.39416648944219,6.313808780777417,32.13999819755554,1023.8100048303604,116.3128470098267,7.945000171661377,22.75249934196472,0,79.06999969482422,Water Year
DPR,mid,1019,39.22846,-120.81518,historic,1993,22.81333323319753,67.85666720072429,143.41249913846454,6.585000075399876,18.97083330154419,12.777916688472033,12.385833226144314,6.630645890313998,30.089999616146088,1720.9499896615744,114.41883125230416,4.150000020861626,21.299999713897705,11.1899995803833,391.05999755859375,Water Year
DPR,mid,1019,39.22846,-120.81518,historic,1994,32.88083338737488,1.46833340326945,70.6458327372869,7.034999976555507,20.395833094914753,13.71541653573513,13.360833118359247,6.790748529498682,32.36999908089638,847.7499928474426,106.41989265285503,4.914999887347221,23.920000076293945,0,237.42999267578125,Water Year
DPR,mid,1019,39.22846,-120.81518,recent,1995,17.592499653498333,10.979166984558105,197.71749739255756,6.796666624645392,18.65499981244405,12.725833218544722,11.858333187798658,6.7712177280050305,30.31000044941902,2372.6099687106907,123.05189620501913,5.585000038146973,18.41499972343445,0.05000000074505806,291.0299987792969,Water Year
DPR,mid,1019,39.22846,-120.81518,recent,1996,22.617500205834705,0.2475000023841858,149.4891662976394,7.9941665430863695,20.24833329518636,14.121249919136366,12.25416675209999,6.4707768848247955,30.219998478889465,1793.869995571673,103.15953841149333,7.945000052452087,24.255000114440918,0.4399999976158142,374.4299926757813,Water Year
DPR,mid,1019,39.22846,-120.81518,recent,1997,22.25166630744934,7.271666844685872,168.72333426276842,7.469166696071625,20.108333190282185,13.788749943176905,12.639166494210562,6.045072822700202,28.94999933242798,2024.6800111532211,157.6174677892225,6.479999899864198,22.40499973297119,1.0700000524520874,652.3900146484375,Water Year
DPR,mid,1019,39.22846,-120.81518,recent,1998,18.637500206629436,18.65833346048991,167.3874995994071,6.819166615605354,17.81166668732961,12.315416651467482,10.992500071724256,6.975627746694837,31.8799986243248,2008.6499951928854,107.08760771343762,4.2950000166893005,24.2549991607666,0,514.91998291015625,Water Year
DPR,mid,1019,39.22846,-120.81518,recent,1999,31.071666717529297,6.963333231552194,126.06833507772535,6.359166743854681,19.225000222524006,12.792083483189344,12.865833478669325,7.09313078061476,30.87999999523163,1512.8200209327042,112.80857561636915,4.950000092387199,21.795000076293945,0.01999999955296516,151.49000549316406,Water Year
DPR,mid,1019,39.22846,-120.81518,recent,2000,23.746666431427002,2.6450000603993735,135.88083473841348,7.46999994913737,19.91250006357829,13.691250006357828,12.442500114440918,6.1668687252898975,29.2400004863739,1630.570016860962,121.72087383194481,6.380000114440918,22.252500295639038,0,391.239990234375,Water Year
DPR,mid,1019,39.22846,-120.81518,recent,2001,33.65416661898295,0.4508333206176758,63.39999958872795,7.726666651666164,20.89916682243347,14.312916737049818,13.172500170767307,7.385363888211439,32.110000759363174,760.7999950647354,104.51192964680261,4.88999979197979,23.580000400543213,0,206.9199981689453,Water Year
DPR,mid,1019,39.22846,-120.81518,recent,2002,32.41083304087321,14.001667022705078,108.96166801452637,7.404166674551865,20.46999994913737,13.937083311844617,13.065833274585506,7.19014369889246,32.86999969556928,1307.5400161743164,122.8613457416986,4.760000169277191,21.132000064849855,0,427.9500122070313,Water Year
DPR,mid,1019,39.22846,-120.81518,recent,2003,25.505000193913776,4.1983334223429365,121.83250216643016,7.990000108877818,20.968333164850872,14.479166636864344,12.978333055973053,7.267813255321516,32.709999203681946,1461.9900259971619,121.91950610709901,5.574999749660492,23.304999828338623,0,500.6400146484375,Water Year
DPR,mid,1019,39.22846,-120.81518,recent,2004,32.34333308537801,6.932500044504802,109.63166656407218,7.427500026921431,20.356666723887127,13.892083375404278,12.929166696965694,7.032976819672695,31.40000060200691,1315.579998768866,125.89036223927356,5.545000076293945,23.52500057220459,0.03999999910593033,308.92999267578125,Water Year
DPR,mid,1019,39.22846,-120.81518,recent,2005,22.889166514078777,0,128.82916855812073,7.127499947945277,19.701666831970215,13.414583389957746,12.574166884024939,6.7103580577330435,31.650001525878906,1545.9500226974487,86.29774441316054,9.449999928474426,24.86500072479248,0,262.4599914550781,Water Year
DPR,mid,1019,39.22846,-120.81518,recent,2006,28.517499764760334,6.0041665236155195,180.0433292677626,7.611666743954022,20.15666659673055,13.884166670342287,12.544999852776527,7.408521756956406,34.169998943805695,2160.519951213151,123.55326490635737,7.139999866485596,23.31999969482422,0,386.25,Water Year
DPR,mid,1019,39.22846,-120.81518,recent,2007,29.807499567667644,0,92.48166671146949,7.204999978343646,20.511666774749756,13.858333376546701,13.30666679640611,6.59059161371567,32.620000660419464,1109.780000537634,114.46075354146731,6.864999890327454,23.760000228881836,0.3400000035762787,54.15999984741211,Water Year
DPR,mid,1019,39.22846,-120.81518,recent,2008,33.959999879201256,23.37833372751872,77.21083289462453,7.489166545371214,20.78750018278758,14.138333364079395,13.298333637416363,7.623045670256123,32.98000121116638,926.5299947354943,137.10030878565368,3.919999912381172,22.393333276112873,0.00999999977648258,296.92999267578125,Water Year
DPR,mid,1019,39.22846,-120.81518,recent,2009,28.43833343187968,0,105.73749848082662,7.957499898970127,20.28249986966451,14.119999884317318,12.324999970694384,7.0436629697097395,32.01999893784523,1268.8499817699194,90.95040091966305,6.090000152587891,24.714999198913574,0,189.6499938964844,Water Year
DPR,mid,1019,39.22846,-120.81518,recent,2010,25.58500011761983,0,123.39083255330722,7.185833315054576,18.914999961853027,13.050416638453802,11.729166646798452,6.785969630626645,30.799999952316284,1480.6899906396866,86.12620939317961,6.535000085830688,23.795000076293945,0,206.5399932861328,Water Year
DPR,mid,1019,39.22846,-120.81518,recent,2011,22.269999742507935,0,162.07000379016003,7.085833217638235,18.71250009536743,12.899166656502834,11.626666877729198,6.968970791226809,30.920000839978456,1944.8400454819202,113.22577103585309,5.659999907016754,22.710000038146973,0,208.3800048828125,Water Year
DPR,mid,1019,39.22846,-120.81518,recent,2012,23.56333327293396,0,99.59583389572799,7.9574999411900835,20.605000257492065,14.281250099341074,12.647500316301983,6.943364511260633,31.730001211166382,1195.150006748736,139.06860842000606,6.670000076293945,22.9350004196167,0.1899999976158142,465.510009765625,Water Year
DPR,mid,1019,39.22846,-120.81518,recent,2013,26.74500020345052,7.59499979019165,98.54999805428088,8.089166621367136,20.504999955495197,14.297083288431168,12.415833334128061,6.5782970282309146,32.19999969005585,1182.5999766513705,153.5321961798063,5.200000166893005,25.170000076293945,0,504.3399963378906,Water Year
DPR,mid,1019,39.22846,-120.81518,recent,2014,28.16083312034607,0,79.64416495958963,9.389166762431463,21.715833346048992,15.552500054240227,12.326666583617529,6.197288100046512,31.37999951839447,955.7299795150756,143.00216495085698,8.109999895095825,23.234999895095825,0,29.1299991607666,Water Year
DPR,mid,1019,39.22846,-120.81518,recent,2015,34.2574999332428,0,75.45250219479203,9.709166824817657,21.823333422342937,15.766250123580297,12.114166597525278,5.923552148887731,27.2400004863739,905.4300263375044,154.49390193943665,6.985000252723694,23.75,0.17000000178813934,397.9200134277344,Water Year
DPR,mid,1019,39.22846,-120.81518,recent,2016,30.41083363691966,14.234999974568685,151.2925018717845,8.190833374857903,20.104166746139526,14.147500060498714,11.913333371281624,6.927547373676375,31.4700009226799,1815.5100224614143,113.39473278254839,9.165000200271606,23.975000143051147,0,337.45001220703125,Water Year
DPR,mid,1019,39.22846,-120.81518,recent,2017,29.014166633288067,32.458333333333336,192.29750068982443,8.590000063180923,20.31500021616618,14.452500139673552,11.725000152985254,7.552711915905428,32.399999380111694,2307.570008277893,127.45086439652628,4.574999928474426,25.542500019073486,0,697.6199951171875,Water Year
DPR,mid,1019,39.22846,-120.81518,recent,2018,29.764166514078777,0,109.01333411534628,8.757499992847443,21.059166590372723,14.908333291610083,12.301666597525278,6.79508840200807,31.629998683929443,1308.1600093841553,142.67785584499293,7.065000057220458,23.047499775886536,0,434.1400146484375,Water Year
DPR,mid,1019,39.22846,-120.81518,recent,2019,21.03416661421458,41.727499643961586,155.32416650652885,7.947500084837277,19.53499988714854,13.741249985992908,11.587499802311262,7.101887414496489,32.31999975442886,1863.8899980783463,112.2732759034416,2.7450000941753387,23.800000190734863,0,584.82000732421875,Water Year
DPR,mid,1019,39.22846,-120.81518,recent,2020,30.542499939600628,0,75.15499850859244,9.453333477179209,21.61749990781148,15.535416692495346,12.164166430632273,7.3032036193172365,31.119998693466187,901.8599821031094,127.89451120257571,6.849999904632568,23.72124993801117,0,130.5399932861328,Water Year
DPR,mid,1019,39.22846,-120.81518,recent,2021,34.837499936421715,0,87.6050012409687,9.077499856551487,21.487500031789143,15.282499944170317,12.410000175237656,7.573778083993219,32.49999988079071,1051.2600148916245,125.77306675387169,13.39500045776367,26.22749948501587,0,182.8000030517578,Water Year
DPR,mid,1019,39.22846,-120.81518,recent,2022,25.77416674296061,1.5658334096272786,71.62583281099796,9.198333402474722,21.604166666666668,15.401250034570694,12.405833264191946,6.872001223525986,30.890000581741333,859.5099937319756,174.82425893101362,5.740000128746033,21.79749989509583,0.699999988079071,439.3399963378906,Water Year
DPR,mid,1019,39.22846,-120.81518,recent,2023,27.466666777928676,28.180833339691166,156.11416653792065,7.492499974711489,18.66250006357829,13.077500019144889,11.1700000888668,7.4310589984013875,32.60000106878575,1873.369998455048,129.28776470063926,5.84500014781952,25.42000007629395,0,442.350006103516,Water Year
DPR,mid,1019,39.22846,-120.81518,recent,2024,28.959166447321557,0,98.25249809026714,9.475833137830104,20.505000273386642,14.990416705608373,11.029167135556538,7.425380708822797,31.74000072479252,1179.0299770832057,112.7244292565561,6.41499996185304,24.547500133514426,0,295.649993896484,Water Year
DPR,mid,1019,39.22846,-120.81518,recent,2025,28.5600001595237,0,121.38545292582022,8.857272820039238,19.6690909645774,14.26318189230832,10.811818144538162,7.192356570243569,28.9099998474121,1335.2399821840224,120.3342112285127,7.19499993324278,23.195000171661373,0,390.079986572266,Water Year
IH,low,454,39.09332,-120.92114,historic,1965,47.233332554499306,0,112.55250075614701,7.255833446979523,21.03749990463257,14.146666675806046,13.781666457653046,6.20226538850341,31.179999232292175,1350.630009073764,146.15796489075075,7.439999938011169,23.359999656677246,0.01999999955296516,247.6499938964844,Water Year
IH,low,454,39.09332,-120.92114,historic,1966,54.334999879201256,0,60.402499984484166,7.277499968806903,22.1866668065389,14.732083387672901,14.909166837731998,7.003358733274845,34.61000061035156,724.82999981381,120.59305415079348,10.224999904632568,16.154999494552612,0.00999999977648258,171.6199951171875,Water Year
IH,low,454,39.09332,-120.92114,historic,1967,45.3333326180776,0,119.34500042597452,7.85083328684171,21.71083339055379,14.780833338697752,13.860000103712082,7.682775444003066,34.55999958515167,1432.1400051116943,103.39132697491831,7.155000150203705,26.49749994277954,0,223.5099945068359,Water Year
IH,low,454,39.09332,-120.92114,historic,1968,53.15916728973389,0,69.35000002384186,7.466666677966714,22.325833479563396,14.896250078765055,14.85916680159668,6.364944518943764,34.85999953746796,832.2000002861023,94.07557780597996,5.904999788850546,24.799999713897705,0,135.57000732421875,Water Year
IH,low,454,39.09332,-120.92114,historic,1969,50.06583269437154,21.165000597635906,125.32416453585029,6.639999969551961,20.833333730697632,13.736666850124797,14.193333761145672,7.202740628897325,34.620000913739204,1503.8899744302034,128.21807932803736,5.639999747276306,24.410000324249268,0,229.7899932861328,Water Year
IH,low,454,39.09332,-120.92114,historic,1970,54.03916676839193,0,96.1383337477843,7.3891666531562805,22.44083333015442,14.91499999165535,15.051666676998138,6.285026549457173,31.580000638961792,1153.6600049734116,145.84383355433954,7.654999971389771,22.984999974568684,0,459.3999938964844,Water Year
IH,low,454,39.09332,-120.92114,historic,1971,47.95916668574015,2.3241666158040366,91.72249985672534,7.007500012715657,21.02916646003723,14.018333236376444,14.021666447321573,6.8488427161651355,33.060001254081726,1100.669998280704,126.96528414351089,5.310000002384186,24.519999027252197,0.119999997317791,345.1700134277344,Water Year
IH,low,454,39.09332,-120.92114,historic,1972,49.94583304723104,6.580833276112874,71.88749941190083,7.050833332973222,21.58916680018107,14.320000066577146,14.538333467207849,6.785457023245048,34.14000046253204,862.6499929428101,101.09768237608411,4.1700000166893005,23.90499973297119,0,261.92999267578125,Water Year
IH,low,454,39.09332,-120.92114,historic,1973,52.38583358128865,10.4474999482433,105.82833419243495,6.940833405901988,20.994166612625122,13.967500009263555,14.053333206723133,7.355214168342449,34.94000065326691,1269.9400103092194,113.77287643664039,4.920000113546848,23.34499979019165,0,143.24000549316406,Water Year
IH,low,454,39.09332,-120.92114,historic,1974,42.579166094462074,0,124.77500023692846,7.876666754484177,21.769166707992554,14.822916731238365,13.892499953508377,7.192817721456222,31.990001559257507,1497.3000028431416,105.20715300597172,8.250000238418579,23.475000381469727,0.4300000071525574,202.6300048828125,Water Year
IH,low,454,39.09332,-120.92114,historic,1975,44.794167041778564,0,94.16333316763242,6.991666664679845,21.15583340326945,14.073750033974648,14.164166738589605,6.976263723210439,31.279999256134033,1129.959998011589,105.27668375755133,7.34000015258789,23.25499963760376,1.5499999523162842,96.26000213623048,Water Year
IH,low,454,39.09332,-120.92114,historic,1976,57.98333374659221,0,34.20000036557516,6.780000020284206,21.823333422342937,14.301666721313572,15.04333340205873,6.218288432375206,33.030000457540154,410.40000438690186,82.01417537401477,8.615000128746033,20.987500190734863,0,18.8700008392334,Water Year
IH,low,454,39.09332,-120.92114,historic,1977,70.5166670481364,0,30.857500225305557,7.619999938954909,22.72499982515971,15.17249988205731,15.1049998862048,6.6428502126588835,33.140000000596046,370.2900027036667,99.16752715327613,12.574999809265138,23.12999963760376,5.400000095367432,76.12000274658203,Water Year
IH,low,454,39.09332,-120.92114,historic,1978,47.6324995358785,0,117.28083421786626,8.621666510899862,22.063333590825398,15.34250005086263,13.441667079925537,5.916223355801076,29.030001163482666,1407.3700106143951,106.9548647177457,8.480000019073486,22.393333435058594,0,377.4700012207031,Water Year
IH,low,454,39.09332,-120.92114,historic,1979,47.57916673024496,0.40166668097178143,85.57833350698154,7.335000082850456,21.34416659673055,14.339583339790503,14.009166513880094,7.111500468658752,32.89999967813492,1026.9400020837784,99.94861275094391,6.929999887943268,21.299999713897705,8.050000190734863,61.380001068115234,Water Year
IH,low,454,39.09332,-120.92114,historic,1980,47.41416676839193,0,98.63916712378462,7.771666606267293,21.59083318710327,14.681249896685282,13.819166580835978,5.732377273514144,29.679999113082886,1183.6700054854155,121.29359940179656,8.190000057220459,22.649999618530273,20.31999969482422,344.260009765625,Water Year
IH,low,454,39.09332,-120.92114,historic,1981,54.027500311533615,0,68.72999954223633,8.038333376248678,22.856666644414265,15.447500010331472,14.818333268165588,6.3363480514484385,31.629998683929443,824.7599945068359,114.18820644461985,8.75000011920929,24.02333339055379,0,237.1999969482422,Water Year
IH,low,454,39.09332,-120.92114,historic,1982,43.99999952316284,2.440833409627279,152.61000063518682,7.564166687428951,20.65333318710327,14.108749937266111,13.08916649967432,6.158470108105296,32.319998472929,1831.320007622242,84.56606568794452,11.25,23.499999046325684,0.8299999833106995,229.11000061035156,Water Year
IH,low,454,39.09332,-120.92114,historic,1983,42.638333002726235,0,140.5650010406971,7.564166749517123,20.757499933242798,14.160833341379961,13.193333183725676,6.520689430885845,31.1200013756752,1686.7800124883652,95.91109716714305,9.065000057220459,21.394999980926514,6.659999847412109,216.13999938964844,Water Year
IH,low,454,39.09332,-120.92114,historic,1984,50.96416652202606,0,97.87833309173584,8.015833208958307,22.05166681607564,15.033750012516975,14.035833607117334,6.829797129284232,32.89000141620636,1174.53999710083,136.19750038913872,8.974999904632568,25.600000381469727,0,349.1000061035156,Water Year
IH,low,454,39.09332,-120.92114,historic,1985,56.175833225250244,0,61.35416583468517,7.339166649927695,21.484166622161865,14.41166663604478,14.144999972234169,7.118585767539987,34.49000138044357,736.249990016222,128.9281392006528,8.489999890327454,15.72499942779541,0.28999999165534973,59.279998779296875,Water Year
IH,low,454,39.09332,-120.92114,historic,1986,49.59916639328003,0,120.22333365756397,8.39416679739952,21.956666866938274,15.175416832168898,13.562500069538752,5.980172954292525,32.650001883506775,1442.6800038907677,128.86290232208532,9.895000219345093,24.2375009059906,0,113.51000213623048,Water Year
IH,low,454,39.09332,-120.92114,historic,1987,59.254166762034096,0,45.69583262999853,8.514166553815206,23.177499850591023,15.845833202203115,14.663333296775818,6.403136889913525,32.49000000953674,548.3499915599823,132.27081172439074,10.149999618530273,22.459999879201252,0,108.95999908447266,Water Year
IH,low,454,39.09332,-120.92114,historic,1988,50.39833307266235,0,57.8791674785316,8.598333477973938,22.857500155766804,15.727916816870371,14.259166677792868,6.748724415235388,33.09000015258789,694.5500097423792,128.0258985043131,6.304999828338623,24.640000820159912,0.14000000059604645,232.6699981689453,Water Year
IH,low,454,39.09332,-120.92114,historic,1989,49.61250019073486,0,99.58416698453948,8.016666675607363,21.28333330154419,14.649999988575777,13.266666625936827,6.441979499867216,32.359998762607574,1195.0100038144737,121.84171203164122,10.474999904632568,24.479999542236328,0.00999999977648258,56.560001373291016,Water Year
IH,low,454,39.09332,-120.92114,historic,1990,47.49666659037272,0,55.44166707992554,8.29583328217268,22.730000098546345,15.512916690359512,14.434166816373667,6.382079783228576,32.77000030875206,665.3000049591064,115.41987129373165,7.209999978542328,19.406249955296516,0,128.9499969482422,Water Year
IH,low,454,39.09332,-120.92114,historic,1991,45.001665910085045,0,72.28833222637574,7.930000106493632,22.00750009218852,14.968750099341074,14.077499985694885,7.015609917006317,34.5999995470047,867.4599867165089,163.78099702343,7.104999780654907,25.085000038146973,0,41.66999816894531,Water Year
IH,low,454,39.09332,-120.92114,historic,1992,54.5,0,64.23250091308728,9.132499913374582,23.227500120798748,16.180000017086666,14.095000207424164,6.294195376632828,33.47000074386597,770.7900109570473,123.5118496099734,10.419999837875366,23.797499895095825,0,79.69000244140625,Water Year
IH,low,454,39.09332,-120.92114,historic,1993,43.73833354314168,0.7891666889190674,106.18000062461942,8.216666648785273,21.459166447321575,14.837916548053423,13.2424997985363,6.385753995633358,30.84999907016754,1274.160007495433,118.55125605876427,6.465000033378601,21.894999504089355,1.809999942779541,300.7900085449219,Water Year
IH,low,454,39.09332,-120.92114,historic,1994,52.72583293914795,0,53.13916605710983,7.79750011364619,22.634166558583576,15.215833336114883,14.836666444937388,6.4849823214777995,32.65000081062317,637.669992685318,101.06913647479259,7.495000123977661,24.78250026702881,0,134.2899932861328,Water Year
IH,low,454,39.09332,-120.92114,recent,1995,37.130833307902016,0,143.2758339055193,7.867500017086665,20.97416663169861,14.420833324392637,13.106666614611944,6.535946295579234,31.98999857902527,1719.3100068662316,123.3773088794693,8.110000133514404,20.8166667620341,0.00999999977648258,221.08999633789065,Water Year
IH,low,454,39.09332,-120.92114,recent,1996,40.814166704813644,0,103.0849987367789,8.945000032583872,22.504166841506958,15.724583437045416,13.559166808923086,6.064246607185645,31.24000096321106,1237.0199848413467,103.67064776072354,8.790000200271606,25.130001068115234,0.6899999976158142,238.1499938964844,Water Year
IH,low,454,39.09332,-120.92114,recent,1997,51.10416634877523,0,117.06583345184724,8.709999899069468,22.260833581288654,15.485416740179062,13.550833682219187,5.968516521946895,29.57000160217285,1404.7900014221668,155.3300280169812,8.264999866485596,23.90000057220459,0.27000001072883606,456,Water Year
IH,low,454,39.09332,-120.92114,recent,1998,34.79916652043661,0,133.3033325796326,8.135833233594894,20.06916642189026,14.102499827742577,11.933333188295364,6.365334040097084,32.42999875545502,1599.6399909555912,105.48500487508369,7.374999761581421,24.81999921798706,0,109.58000183105467,Water Year
IH,low,454,39.09332,-120.92114,recent,1999,51.29249938329061,0,88.96166806419691,7.104166657974322,21.09749976793925,14.100833212956786,13.993333109964928,6.605411870420878,31.499999389052395,1067.5400167703629,116.85135455520071,7.2099997997283944,22.242499589920044,0,108.62000274658205,Water Year
IH,low,454,39.09332,-120.92114,recent,2000,45.37500083446503,0,106.3175003528595,8.125833372275034,21.854999860127766,14.9904166162014,13.729166487852732,5.890527902654774,30.979998111724854,1275.810004234314,123.71357802149873,8.729999780654907,23.03749942779541,0,288.45001220703125,Water Year
IH,low,454,39.09332,-120.92114,recent,2001,55.334999879201256,0,49.87666583061218,8.089166775345802,22.774999777475994,15.432083276410898,14.685833002130192,7.175858383969182,33.10000032186508,598.5199899673462,108.31073196543477,6.919999837875367,23.199999968210857,0,126.36000061035156,Water Year
IH,low,454,39.09332,-120.92114,recent,2002,52.798332850138344,0,80.6225004196167,8.083333392937979,22.410833199818928,15.247083296378454,14.327499806880951,6.8580418674534265,33.68000149726868,967.4700050354004,118.77765623202772,6.725000262260437,21.999999904632567,0,117.16000366210938,Water Year
IH,low,454,39.09332,-120.92114,recent,2003,47.069166819254555,0,84.98833194871743,8.694166759649912,22.892500003178913,15.793333381414413,14.198333243529001,6.844340413620801,33.489999294281006,1019.8599833846091,123.67717461065097,7.68500006198883,24.329999923706055,0,360.5499877929687,Water Year
IH,low,454,39.09332,-120.92114,recent,2004,58.19500001271566,0,79.08749830722809,8.40583336353302,22.382500012715656,15.394166688124338,13.976666649182638,6.695829711832744,31.690001010894775,949.0499796867371,122.89678668217171,7.665000081062317,23.704999923706055,0,110.98999786376952,Water Year
IH,low,454,39.09332,-120.92114,recent,2005,38.53999980290731,0,97.01416643460591,8.086666623751322,21.663333257039387,14.874999940395355,13.576666633288067,6.616735765912479,33.22000002861023,1164.169997215271,86.25054880271381,11.229999542236328,26.045000076293945,0,209.2899932861328,Water Year
IH,low,454,39.09332,-120.92114,recent,2006,47.44583384195963,0,122.80749899226551,8.472499996423721,21.929166475931805,15.200833236177763,13.456666479508081,7.032718782797877,33.97999966144562,1473.6899879071862,120.65409880012626,8.339999914169312,23.696666558583576,0,276.1300048828125,Water Year
IH,low,454,39.09332,-120.92114,recent,2007,52.670833905537926,0,63.66666740179062,7.890833298365275,22.019999583562214,14.955416440963745,14.129166285196941,6.505629432931546,34.02999818325043,764.0000088214874,123.87526833229427,8.444999814033508,24.542499542236328,0,30.299999237060547,Water Year
IH,low,454,39.09332,-120.92114,recent,2008,58.79583326975504,0,53.3916654586792,8.145833313465118,22.34750008583069,15.246666699647903,14.20166677236557,7.31086539363908,33.010000467300415,640.6999855041504,138.85971578063513,5.430000066757202,23.645000219345093,0,199.67999267578125,Water Year
IH,low,454,39.09332,-120.92114,recent,2009,46.348332564036056,0,74.67583247025807,8.52250018219153,21.824166695276897,15.173333438734213,13.301666513085365,6.875548008354363,33.21999925374985,896.1099896430969,88.73794269797112,8.050000071525574,24.78249979019165,0,127.0500030517578,Water Year
IH,low,454,39.09332,-120.92114,recent,2010,45.36500040690104,0,89.243334017694,8.271666695674261,20.965833107630413,14.618749901652336,12.694166411956152,6.487298333635353,31.679998755455017,1070.920008212328,88.36841543041407,8.09000015258789,24.804999351501465,0,144.27999877929688,Water Year
IH,low,454,39.09332,-120.92114,recent,2011,41.77333243687948,0,118.73083316783111,8.206666648387909,20.698333263397217,14.452499955892563,12.491666615009308,6.6759617366932735,31.0600004196167,1424.7699980139732,114.53845213922584,8.324999809265137,23.824999809265137,0,155.08999633789063,Water Year
IH,low,454,39.09332,-120.92114,recent,2012,49.459166049957275,0,71.75583377977212,8.540833244721094,22.50499987602234,15.522916560371717,13.964166631301245,6.76045962619291,33.44000041484833,861.0700053572655,146.6232724750027,8.900000095367432,25.02999997138977,0,3.2100000381469727,Water Year
IH,low,454,39.09332,-120.92114,recent,2013,52.013333320617676,0,71.86833364516497,8.857500066359837,22.479166825612385,15.668333445986113,13.621666759252548,6.543795394219285,33.67000162601471,862.4200037419796,157.36942210708798,6.904999852180481,26.215001106262207,0,29.270000457763672,Water Year
IH,low,454,39.09332,-120.92114,recent,2014,52.574166774749756,0,59.457500787917525,9.882499982913336,23.90583324432373,16.894166613618534,14.023333261410396,6.059068890713232,33.06000077724457,713.4900094550103,149.62854910669333,10.179999828338623,22.259999752044678,0.02999999932944774,13.489999771118164,Water Year
IH,low,454,39.09332,-120.92114,recent,2015,55.69916661580404,0,58.89583306759596,10.24416689078013,23.800833145777386,17.02250001827876,13.556666254997253,5.843648635577473,28.450000762939453,706.7499968111515,163.31151040389852,9.049999713897705,24.53499984741211,0.8700000047683716,331.94000244140625,Water Year
IH,low,454,39.09332,-120.92114,recent,2016,53.23666652043661,0,107.90666551639636,9.081666588783264,22.398333231608074,15.73999991019567,13.316666642824808,6.56258079821963,31.959999084472656,1294.8799861967564,113.54647679933053,11.3149995803833,24.208333015441895,0,232.5399932861328,Water Year
IH,low,454,39.09332,-120.92114,recent,2017,49.714166482289635,1.4966665903727214,143.6000002026558,9.460833291212717,22.416666984558105,15.938750137885412,12.955833693345388,7.279743087344863,33.320000410079956,1723.2000024318695,125.18340090391023,6.24500012397766,26.517500400543213,0,494.80999755859375,Water Year
IH,low,454,39.09332,-120.92114,recent,2018,51.34166701634725,0,84.79833324750264,9.187500099341074,23.004166682561237,16.095833390951157,13.816666583220163,6.606741515165519,33.030001640319824,1017.5799989700317,139.91378426714093,9.099999785423279,23.93000030517578,0,343.489990234375,Water Year
IH,low,454,39.09332,-120.92114,recent,2019,41.439167181650795,3.5249999364217124,117.45250046253204,8.904999961455664,21.810832977294922,15.357916469375292,12.90583301583926,6.796513723149324,32.01999890804291,1409.4300055503845,110.27355014435712,5.530000030994415,25.057499408721924,0,428.7300109863281,Water Year
IH,low,454,39.09332,-120.92114,recent,2020,50.53083340326945,0,59.260834460146725,10.046666522820791,23.41499988238017,16.73083320260048,13.368333359559378,7.015392333280372,31.32999873161316,711.1300135217607,129.60941825768504,8.549999713897705,23.678333123524983,0.03999999910593033,101.20999908447266,Water Year
IH,low,454,39.09332,-120.92114,recent,2021,62.173333168029785,0,71.75666621234268,9.633333345254263,23.259166797002155,16.44625007112821,13.625833451747894,7.297804977449076,32.67000126838684,861.0799945481122,131.88159273144052,15.384999752044678,26.90500020980835,0,153.0800018310547,Water Year
IH,low,454,39.09332,-120.92114,recent,2022,51.311666806538895,0,54.714165250460304,9.832500159740452,23.28750022252401,16.56000019113223,13.455000062783558,6.863688668766353,31.350001335144043,656.5699830055237,179.28904316434216,6.795000076293945,22.68750047683717,0.25,345.29998779296875,Water Year
IH,low,454,39.09332,-120.92114,recent,2023,52.036666870117195,0,121.76583450784288,8.47249995668728,20.591666777928676,14.532083367307978,12.119166821241395,7.215065639253874,33.29000151157379,1461.1900140941145,131.01938478432223,7.500000000000014,26.2150011062622,0,105.970001220703,Water Year
IH,low,454,39.09332,-120.92114,recent,2024,51.25666761398318,0,75.56166684130835,10.456666588783271,22.440833250681568,16.448749919732418,11.984166661898296,7.152835072865748,31.76999950408932,906.7400020957002,112.31105650561467,8.675000190734865,25.74999952316285,0,204.350006103516,Water Year
IH,low,454,39.09332,-120.92114,recent,2025,49.84272766113279,0,93.27999998849222,9.397272651845759,21.62181776220148,15.50954520702362,12.224545110355722,6.889457449810132,29.95999836921693,1026.0799998734144,119.12445965744463,8.799999952316274,22.31999969482425,0.00999999977648258,28.4300003051758,Water Year
LV2,high,2500,40.46563,-121.51487,historic,1965,44.41416621208191,812.2508265177408,179.37166651089987,-2.964166676004728,9.808333379837373,3.422083351916323,12.772500055842102,6.103920702716815,30.889999389648438,2152.4599981307983,129.75428540946228,-3.3450000565499067,6.919999837875366,24.190000534057617,334.7900085449219,Water Year
LV2,high,2500,40.46563,-121.51487,historic,1966,51.75916647911072,369.92166900634766,100.33166590332985,-3.2108332812786102,10.971666482742876,3.880416600732133,14.182499764021486,7.418603461606971,35.91999912261963,1203.9799908399582,122.97072859425894,-0.034999847412109375,6.184999763965607,5.360000133514404,120.33000183105467,Water Year
LV2,high,2500,40.46563,-121.51487,historic,1967,46.84583361943563,718.3350041707357,187.44166831175485,-3.0166667103767395,10.039999860028425,3.511666574825843,13.056666570405165,7.097691784116455,33.40000057220459,2249.3000197410583,98.3487996358198,1.0299999713897705,11.31999957561493,5.309999942779541,356.1700134277344,Water Year
LV2,high,2500,40.46563,-121.51487,historic,1968,48.770833571751915,311.02416221300757,144.29916514952978,-2.691666687528292,10.504166677594185,3.906249995032946,13.195833365122477,6.513095238499743,34.61000061035156,1731.5899817943573,80.11246556813774,-4.9150000512599945,14.430000305175781,2.4700000286102295,215.5,Water Year
LV2,high,2500,40.46563,-121.51487,historic,1969,48.49083352088928,793.0200030008951,187.41500282287598,-3.504166598121325,9.621666808923086,3.05875010540088,13.12583340704441,7.980129417589466,35.53999996185303,2248.9800338745117,108.60458658348149,-5.9700000286102295,13.110000133514404,11.890000343322754,455.8699951171875,Water Year
LV2,high,2500,40.46563,-121.51487,historic,1970,48.642500480016075,729.7400013605753,187.4150000413259,-2.384166662891706,11.097500105698904,4.356666721403599,13.481666768590609,6.270549293147802,30.99000072479248,2248.9800004959106,136.39702055003946,-3.0449999570846558,13.897500038146973,0,796.67999267578125,Water Year
LV2,high,2500,40.46563,-121.51487,historic,1971,43.89583388964335,621.1333338419596,167.7849991718928,-2.919166694084803,9.266666660706203,3.1737499833106995,12.185833354791006,7.001702423125891,33.769999504089355,2013.4199900627136,100.1144742021267,-5.945000052452087,13.690000057220459,6.71999979019165,460.7000122070313,Water Year
LV2,high,2500,40.46563,-121.51487,historic,1972,49.79749917984009,340.235829671224,126.87416545550028,-3.3391667107741037,10.237499934931597,3.4491666120787463,13.5766666457057,6.917648299285703,35.769999504089355,1522.4899854660034,68.35756559842488,-7.035000205039978,14.149999618530273,0,289.94000244140625,Water Year
LV2,high,2500,40.46563,-121.51487,historic,1973,46.769166469573975,506.2624931335449,147.3374995390574,-3.25083335240682,10.043333366513252,3.3962500070532164,13.294166718920073,7.6427386987232975,34.839999198913574,1768.049994468689,90.25156691561767,-6.309999793767929,12.184999704360962,27.719999313354492,215.2400054931641,Water Year
LV2,high,2500,40.46563,-121.51487,historic,1974,44.08666706085205,1186.230832417806,226.08499789237976,-2.7083333134651184,10.184999957680702,3.738333322107792,12.89333327114582,7.506282343487866,32.130001068115234,2713.019974708557,118.88912555253849,-2.5799998939037323,12.489999890327454,9.619999885559082,470.8999938964844,Water Year
LV2,high,2500,40.46563,-121.51487,historic,1975,43.28333306312561,436.5058368047078,152.21083370844522,-4.226666549841563,9.253333364923796,2.5133334075411162,13.479999914765358,6.86699490435776,33.21999931335449,1826.5300045013428,90.64201407666962,-4.174999833106995,11.589999556541443,21.469999313354492,94.30999755859376,Water Year
LV2,high,2500,40.46563,-121.51487,historic,1976,43.92416683832804,169.44499905904132,72.83666634559631,-4.355833373963833,10.722500065962475,3.1833333459993205,15.078333439926308,5.516208956089687,31.129999160766605,874.0399961471558,88.2850985459399,-2.1250001192092896,6.134999990463257,28.43000030517578,24.399999618530273,Water Year
LV2,high,2500,40.46563,-121.51487,historic,1977,45.335833390553795,43.62249928712845,67.32666607697804,-4.165833423535029,11.556666612625122,3.6954165945450463,15.72250003616015,6.17171750476406,34.3700008392334,807.9199929237366,79.72501826469859,7.489999830722809,12.53499948978424,4.480000019073486,82.55999755859375,Water Year
LV2,high,2500,40.46563,-121.51487,historic,1978,39.28083380063375,657.8433386484782,184.4058358669281,-3.5974999368190765,10.50000011920929,3.4512500911951065,14.097500056028366,5.163023744747409,28.799999237060547,2212.870030403137,97.35401128832916,-2.774999976158142,6.195000171661377,13.649999618530272,576.96002197265625,Water Year
LV2,high,2500,40.46563,-121.51487,historic,1979,44.102499643961586,284.8866672515869,142.89666686455408,-4.388333280881246,10.077500029156605,2.84458337413768,14.465833310037851,6.475043141909416,33.540000915527344,1714.760002374649,86.47042641698997,5.40500020980835,8.45000010728836,14.890000343322754,213.66000366210935,Water Year
LV2,high,2500,40.46563,-121.51487,historic,1980,44.11916637420654,503.2374954223633,145.2466651995977,-3.83833334594965,10.353333453337351,3.257500053693851,14.191666799287,5.256177171899733,29.690000534057617,1742.9599823951721,82.51372881444492,-0.7049999237060547,10.480000451207161,33.20000076293945,116.22000122070313,Water Year
LV2,high,2500,40.46563,-121.51487,historic,1981,50.38500054677328,225.67583020528158,126.90833294391632,-3.139166687925657,11.912500103314716,4.3866667076945305,15.051666791240374,5.510177546813438,31.910000801086426,1522.8999953269958,85.92039355605094,2.6850000619888306,13.190000295639038,0,123.0500030517578,Water Year
LV2,high,2500,40.46563,-121.51487,historic,1982,37.491666873296104,909.0958247184753,242.08166797955832,-3.8700000196695328,9.595833371082941,2.8629166757067046,13.465833390752474,5.796674776527711,32.11999988555908,2904.9800157546997,95.11600226746205,1.0399999618530273,11.59500002861023,10.619999885559082,183.82000732421875,Water Year
LV2,high,2500,40.46563,-121.51487,historic,1983,38.05416719118754,974.26416015625,218.07750193277994,-3.6725000586981573,9.25916682680448,2.7933333840531605,12.931666885502636,5.682221358469007,28.190000534057617,2616.9300231933594,87.62711441815765,-2.080000162124634,9.085000306367874,14.529999732971191,327.260009765625,Water Year
LV2,high,2500,40.46563,-121.51487,historic,1984,44.97833379109701,807.4466635386149,186.78666551907858,-3.111666609843572,10.185833404461542,3.5370833973089852,13.297500014305115,5.999355826921621,31.40999984741211,2241.439986228943,121.0271438678627,-1.3899999856948853,13.704999923706055,6.130000114440918,627.280029296875,Water Year
LV2,high,2500,40.46563,-121.51487,historic,1985,48.98166712125143,392.70750427246094,100.74500010410945,-4.079999918739001,10.1124999721845,3.0162500267227488,14.1924998909235,6.637442354310233,32.14999961853027,1208.9400012493134,138.94048560317972,-2.3600000739097595,13.420000076293945,3.3399999141693115,75.13999938964844,Water Year
LV2,high,2500,40.46563,-121.51487,historic,1986,47.863332748413086,559.2983220418295,177.07083465655646,-3.189999967813492,10.325833395123482,3.567916713654995,13.515833362936974,5.747142260215503,31.940000534057617,2124.8500158786774,105.46055672833825,-0.9800001382827761,13.250000476837158,0,239.67999267578125,Water Year
LV2,high,2500,40.46563,-121.51487,historic,1987,48.97250032424927,162.1408316294352,76.9016656378905,-3.037500023841858,11.870833352208138,4.41666666418314,14.908333376049995,6.283373193474921,33.55999946594238,922.819987654686,124.55314850762372,-2.665000081062317,13.599999904632568,0,160.4199981689453,Water Year
LV2,high,2500,40.46563,-121.51487,historic,1988,48.34249997138977,344.5891660054525,106.40583476175864,-2.321666657924652,11.64500007033348,4.661666706204414,13.966666728258133,7.433563820391361,34.69000053405762,1276.8700171411037,130.01282530275859,-5.594999849796295,11.645000100135803,21.8700008392334,502.0400085449219,Water Year
LV2,high,2500,40.46563,-121.51487,historic,1989,45.16999999682108,503.13499720891315,176.56833155949911,-3.9208333988984427,9.959166555354992,3.0191665782282753,13.879999954253435,6.915726065461783,35.18000030517578,2118.8199787139893,104.94406064526146,-0.9600000381469727,13.84500002861023,0,95.3499984741211,Water Year
LV2,high,2500,40.46563,-121.51487,historic,1990,45.3266666730245,152.14166704813638,89.35833444601546,-4.018333356206616,11.423333421039084,3.7025000324162343,15.4416667772457,6.542862787209494,37.130001068115234,1072.3000133521855,95.95044715212839,4.259999871253967,-1.2750000953674316,16.200000762939453,145.97999572753906,Water Year
LV2,high,2500,40.46563,-121.51487,historic,1991,43.8724996248881,177.81583213806152,96.42333475748698,-3.5591666772961617,10.78583338111639,3.6133333519101147,14.345000058412552,6.943702956892806,36.03000068664551,1157.0800170898438,131.9172829394863,-4.10999995470047,11.524999976158142,77.76000213623047,45.09000015258789,Water Year
LV2,high,2500,40.46563,-121.51487,historic,1992,48.0683339436849,151.76833168665567,101.79666748642921,-1.795833305766185,12.288333435853321,5.246250065043569,14.084166741619507,6.145795783143841,32.250000953674316,1221.5600098371506,87.75888773014759,-0.690000057220459,10.615000009536743,3.069999933242798,85.58000183105469,Water Year
LV2,high,2500,40.46563,-121.51487,historic,1993,40.790000915527344,590.1750009854635,185.9924976627032,-3.220000068346659,9.504999947423737,3.1424999395385385,12.725000015770396,6.688609884098359,32.56999969482422,2231.9099719524384,89.14031072251845,-7.170000135898589,9.905000239610672,13.93000030517578,548.54998779296875,Water Year
LV2,high,2500,40.46563,-121.51487,historic,1994,52.20083340009054,212.76833407084146,80.07999912897746,-2.5874999910593033,11.321666608254114,4.3670833085974055,13.909166599313417,6.7471642463787145,32.99000072479248,960.9599895477295,96.5509640309828,-4.035000205039978,14.032500088214874,0,228.1199951171875,Water Year
LV2,high,2500,40.46563,-121.51487,recent,1995,41.23583388328552,887.1050033569336,215.09499788284302,-2.841666668653488,9.685000146118304,3.4216667387324073,12.526666814771792,6.82758594851141,31.230000495910645,2581.139974594116,117.8273909234197,-3.8950001001358032,12.43750011920929,12.770000457763672,244.67999267578125,Water Year
LV2,high,2500,40.46563,-121.51487,recent,1996,44.09666681289673,485.8733367919922,168.17333168039718,-1.4708333412806194,11.458333383003872,4.993750020861626,12.92916672428449,6.409712144144781,30.399999618530273,2018.0799801647663,89.23791822146521,-1.5800000429153442,14.854999780654909,54.04999923706055,337.4100036621094,Water Year
LV2,high,2500,40.46563,-121.51487,recent,1997,44.58250021934509,744.9525006612142,200.9983310699463,-1.8416666694295902,10.995000114043554,4.576666722306982,12.836666783473143,5.645333356710773,28.980000495910645,2411.9799728393555,134.7093144091403,-1.9100000858306885,-2.130000114440918,29.989999771118164,560.8499755859375,Water Year
LV2,high,2500,40.46563,-121.51487,recent,1998,39.110000133514404,782.9458351135254,213.62833634018898,-2.4033333559830985,9.416666502753893,3.5066665733853974,11.819999858736992,6.847785619341063,32.179999351501465,2563.5400360822678,86.50980540929547,-3.075000077486038,13.574999690055847,19.8799991607666,479.5499877929687,Water Year
LV2,high,2500,40.46563,-121.51487,recent,1999,48.37916707992554,634.3766708374023,156.8500001654029,-2.67249995470047,10.723333448171616,4.025416746735573,13.395833402872086,6.799237449201343,31.420000076293945,1882.2000019848347,101.57293355013567,-1.3450000286102295,12.275000095367432,0.17000000178813934,177.1300048828125,Water Year
LV2,high,2500,40.46563,-121.51487,recent,2000,52.64333335558574,321.27583821614587,144.1949999332428,-1.3558333640297253,11.478333279490471,5.0612499577303725,12.834166643520197,6.107516552083304,30.539999961853027,1730.3399991989136,103.78513136515681,-1.7650001049041748,13.914999961853027,2,374.8999938964844,Water Year
LV2,high,2500,40.46563,-121.51487,recent,2001,53.49416653315227,187.24333413441977,87.88083362579346,-1.5049999952316284,11.640833529333273,5.067916767050822,13.145833524564901,7.35663947628126,33.34000015258789,1054.5700035095215,81.09186549244528,-4.06500007212162,14.78000020980835,0,144.14999389648438,Water Year
LV2,high,2500,40.46563,-121.51487,recent,2002,50.04750037193298,430.3733367919922,121.45416424423456,-1.425000046690305,11.468333308895428,5.021666631102562,12.893333355585733,7.094948105495526,33.609999656677246,1457.4499709308147,123.58719452869062,-3.495000049471855,12.927500128746033,41.209999084472656,175.47000122070313,Water Year
LV2,high,2500,40.46563,-121.51487,recent,2003,46.668334007263184,679.8024965922037,186.29583621925366,-0.6025000363588333,11.843333423137665,5.620416693389416,12.445833459496498,6.945132840789697,31.079999923706055,2235.5500346310437,133.74257791202487,-2.4850000143051147,8.365000039339066,5,868.4600219726564,Water Year
LV2,high,2500,40.46563,-121.51487,recent,2004,51.59083358446757,438.8683382670085,138.60333294669786,-1.224999986588955,10.975833351413408,4.875416682412227,12.200833338002363,6.490100025378208,29.78000020980835,1663.2399953603745,111.5050411289243,-2.8500000536441803,13.759999990463257,22.84000015258789,401.8999938964844,Water Year
LV2,high,2500,40.46563,-121.51487,recent,2005,46.656666437784835,263.6649983723958,124.28666613902897,-1.2150000482797623,10.615833332141241,4.700416641930739,11.830833380421003,6.307745425681347,31.53000020980835,1491.4399936683476,79.6094791525502,6.055000215768814,14.554999828338623,0.05000000074505806,228.0800018310547,Water Year
LV2,high,2500,40.46563,-121.51487,recent,2006,50.42583362261454,836.1033274332682,217.47583491479358,-1.1283332705497742,11.360833436250687,5.116250082850456,12.48916670680046,7.06181253257966,33.71000003814697,2609.710018977523,115.75363552782666,-0.9149998426437378,13.34000039100647,7.190000057220459,408.8900146484375,Water Year
LV2,high,2500,40.46563,-121.51487,recent,2007,50.2433336575826,250.1716702779134,111.44249804814656,-1.1508334005872407,11.829166452089947,5.339166525751352,12.979999852677187,6.308740881243184,32.77999973297119,1337.3099765777588,104.49521738230897,-1.1549999713897705,14.229999542236328,36.04999923706055,24.020000457763672,Water Year
LV2,high,2500,40.46563,-121.51487,recent,2008,53.335833390553795,255.52666600545248,85.89083196222782,-1.7658333654205005,11.717499814927578,4.975833224753539,13.483333180348078,7.154445118366696,32.40000057220459,1030.6899835467339,132.67032246401465,-4.925000160932541,15.205000162124634,0,364.0499877929687,Water Year
LV2,high,2500,40.46563,-121.51487,recent,2009,46.23500053087871,249.30166339874268,137.2541666974624,-1.128333290417989,11.867500086625418,5.369583398103714,12.995833377043406,6.585484630800449,31.84999942779541,1647.0500003695488,78.08934352889831,-1.9900001287460327,15.014999866485596,0.9100000262260436,212.1300048828125,Water Year
LV2,high,2500,40.46563,-121.51487,recent,2010,43.92166709899902,376.08416589101154,154.39499672253928,-1.6941667000452678,10.76750006278356,4.536666681369145,12.461666762828827,6.570425617933692,33.22999954223633,1852.7399606704712,80.64905236619545,-1.4450000524520874,15.594999551773071,4.050000190734863,183.92999267578125,Water Year
LV2,high,2500,40.46563,-121.51487,recent,2011,43.516666412353516,579.493335723877,175.70083411534628,-1.6658333217104275,10.52249992887179,4.428333303580682,12.188333250582218,6.617457745093238,31.09000015258789,2108.4100093841553,95.81513795808749,-2.2299999594688416,13.745000004768372,0,212.7400054931641,Water Year
LV2,high,2500,40.46563,-121.51487,recent,2012,49.752500216166176,179.62166945139566,102.46666531388958,-0.9000000258286794,11.768333395322164,5.434166684746742,12.668333421150843,6.731738512123356,30.389999389648438,1229.599983766675,120.3551302616667,-1.1549999713897705,13.100000143051147,1.100000023841858,19.059999465942383,Water Year
LV2,high,2500,40.46563,-121.51487,recent,2013,52.34499939282735,376.0716667175293,133.5816648801168,-1.0025000522534053,11.46666679282983,5.232083370288213,12.469166845083237,6.727166319160601,33.320000648498535,1602.9799785614014,136.84156777100503,-4.094999939203262,13.490000247955322,8.670000076293945,616.75,Water Year
LV2,high,2500,40.46563,-121.51487,recent,2014,50.5541664759318,93.11999948819478,109.27833406130473,-0.04999999205271399,12.705000042915344,6.327500025431315,12.755000034968058,6.311256742047629,32.47000026702881,1311.3400087356567,112.5821533570391,1.2899999618530276,16.84000015258789,8.6899995803833,19.559999465942383,Water Year
LV2,high,2500,40.46563,-121.51487,recent,2015,52.31916689872742,238.58416843414307,109.49333520730336,0.8633333345254263,12.857499986886978,6.8604166607062025,11.994166652361551,5.665924284464864,26.130000591278076,1313.9200224876404,143.22822030377452,-1.3049998879432678,14.450000286102295,65.529998779296875,569.70001220703125,Water Year
LV2,high,2500,40.46563,-121.51487,recent,2016,50.31916673978169,517.7224960327148,200.8399960361421,-0.3908333331346512,11.161666671435038,5.385416669150193,11.552500004569689,6.693894577809669,30.519999027252197,2410.0799524337053,104.42908948298503,5.140000045299529,14.560000419616697,9.710000038146973,439.7999877929687,Water Year
LV2,high,2500,40.46563,-121.51487,recent,2017,50.341666062672935,724.329995473226,208.35833525657654,-0.4308334191640218,11.54583336164554,5.557499971240759,11.97666678080956,7.5133207334610415,32.989999771118164,2500.3000230789185,102.7479731654702,-4.615000233054161,16.375,11.65999984741211,609.82000732421875,Water Year
LV2,high,2500,40.46563,-121.51487,recent,2018,49.856666564941406,260.4333356221517,120.79583251476288,-0.48333337406317395,11.953333338101706,5.734999982019265,12.436666712164879,6.5404583026525565,32.30999946594238,1449.5499901771545,126.40269078181613,1.7049999237060547,12.974999964237213,2.059999942779541,19.770000457763672,Water Year
LV2,high,2500,40.46563,-121.51487,recent,2019,42.85166692733765,486.6000105539958,177.19416825970015,-1.1183332800865173,10.54416666428248,4.7129166920979815,11.662499944368998,6.721437355975644,32.269999504089355,2126.3300191164017,95.89934079206286,-5.734999775886536,13.81000018119812,29.43000030517578,536.83001708984375,Water Year
LV2,high,2500,40.46563,-121.51487,recent,2020,50.993333180745445,224.31582832336426,91.33583426227172,0.14499994119008366,12.576666812102,6.360833376646042,12.431666870911917,7.062234753990055,30.670000553131104,1096.0300111472607,126.649151001452,-2.060000002384186,14.485000371932983,6.840000152587891,358.70001220703125,Water Year
LV2,high,2500,40.46563,-121.51487,recent,2021,54.933333714803055,148.05083338419595,94.20249793430169,-0.3550000389417014,12.324166625738144,5.984583293398221,12.679166664679846,7.595945162210434,32.040000438690186,1130.4299752116203,112.40475406942,5.119999945163727,16.21500015258789,2.9100000858306885,165.00999450683594,Water Year
LV2,high,2500,40.46563,-121.51487,recent,2022,53.63416679700216,162.55166816711426,77.57333443065484,-0.3108333647251132,12.284166673819223,5.986666654547055,12.595000038544338,6.676316502444209,30.829999923706055,930.8800131678581,131.97214542316743,-2.4850000143051147,9.820000052452086,3.450000047683716,350.9800109863281,Water Year
LV2,high,2500,40.46563,-121.51487,recent,2023,49.31583348910012,698.2799866994216,168.33749814704066,-2.214999973153074,9.799999975909794,3.7925000013783596,12.014999949062867,7.410716236023335,33.009999275207505,2020.0499777644877,117.9969801639355,-4.819999784231186,16.00999975204467,0.230000004172325,546.789978027344,Water Year
LV2,high,2500,40.46563,-121.51487,recent,2024,51.61916700998943,406.1366689999895,130.6550014019012,-0.8024999077121414,11.463333393136663,5.330416742712261,12.265833300848804,6.988295594209451,32.459999084472656,1567.8600168228145,107.83339239725848,-2.66499990224838,17.179999828338623,2.67000007629395,365.260009765625,Water Year
LV2,high,2500,40.46563,-121.51487,recent,2025,50.02363673123446,746.6918168501418,171.24363951249555,-0.8527272587472755,10.341817899183791,4.744545320218258,11.194545157931065,6.82667343463965,29.11999988555906,1883.6800346374512,116.85906544033779,-1.085000038146975,11.234999656677246,13.5900001525879,487.160003662109,Water Year
SC,low,422,38.41167,-120.73583000000001,historic,1965,69.73083305358887,0,74.31916743516922,7.466666668653488,21.88333336512248,14.675000016887983,14.416666696468988,5.968580998571973,31.599998831748962,891.8300092220306,141.2345357963169,8.714999914169312,23.5049991607666,22.209999084472656,131.0500030517578,Water Year
SC,low,422,38.41167,-120.73583000000001,historic,1966,77.50583330790202,0,40.87083350851511,7.455000025530656,23.27999973297119,15.367499879250923,15.824999707440535,6.7822215839115545,34.89000031352043,490.4500021021813,130.8800461153902,11.449999570846558,19.34249997138977,0.02999999932944774,127.04000091552734,Water Year
SC,low,422,38.41167,-120.73583000000001,historic,1967,68.9874997138977,0,86.5399989883105,8.053333342075348,22.459999720255535,15.256666531165441,14.406666378180185,7.526366987330725,34.84999871253967,1038.479987859726,105.92141013843198,7.439999938011169,26.579999446868896,0,151.08999633789063,Water Year
SC,low,422,38.41167,-120.73583000000001,historic,1968,75.86500072479248,0,48.01499990203107,7.803333261360725,23.18000014623006,15.491666703795394,15.376666884869337,6.324892558040454,34.890001371502876,576.1799988243729,94.51886568374928,6.294999986886978,25.21000051498413,0.00999999977648258,86.94999694824219,Water Year
SC,low,422,38.41167,-120.73583000000001,historic,1969,72.6883331934611,0,88.87666711940741,7.557500004768372,22.09250020980835,14.82500010728836,14.535000205039978,7.241540417090129,34.910000801086426,1066.5200054328889,119.28927551028093,6.4649999141693115,25.260000228881836,0.02999999932944774,145.17999267578125,Water Year
SC,low,422,38.41167,-120.73583000000001,historic,1970,74.39916769663493,0,64.40833340088527,7.842500011126201,23.61583360036214,15.729166805744171,15.773333589235941,6.250259616123648,32.780001163482666,772.9000008106232,127.84650073026506,8.799999952316284,22.75666681925456,0,172.3699951171875,Water Year
SC,low,422,38.41167,-120.73583000000001,historic,1971,72.81666612625122,0,59.52166732152303,7.277500073115031,21.99916688601176,14.638333479563395,14.721666812896729,6.789288647276763,33.42000102996826,714.2600078582764,133.2556073364122,6.379999995231629,25.135000705718994,0,217.82000732421875,Water Year
SC,low,422,38.41167,-120.73583000000001,historic,1972,74.57833274205525,0,47.07833445072174,7.449166619218886,22.59416659673055,15.021666607974717,15.144999977511665,6.840421955675143,34.95999862626195,564.9400134086609,119.01666536303071,5.205000072717667,24.389999628067017,0,46.040000915527344,Water Year
SC,low,422,38.41167,-120.73583000000001,historic,1973,74.17916695276897,0.24500000476837158,82.7675003906091,7.499999970197678,22.043333212534588,14.771666591366133,14.543333242336908,7.198528568554037,34.589999079704285,993.2100046873093,109.43450488762826,6.090000152587891,23.947499990463257,0,102.5,Water Year
SC,low,422,38.41167,-120.73583000000001,historic,1974,66.34500042597453,0,78.22999962170918,7.93833343187968,22.470833778381348,15.204583605130514,14.532500346501669,6.831571698012982,32.230000257492065,938.7599954605103,93.69891660230076,9.540000200271606,21.396667162577312,0,132.52999877929688,Water Year
SC,low,422,38.41167,-120.73583000000001,historic,1975,68.37916739781697,0,67.31416661540668,7.090833286444346,21.65999960899353,14.375416447718939,14.569166322549183,6.815883102012865,32.06999862194061,807.7699993848801,103.53564028079158,8.895000100135803,23.154999256134033,1.5299999713897705,59.349998474121094,Water Year
SC,low,422,38.41167,-120.73583000000001,historic,1976,73.43749920527141,0,24.391666874289513,7.239166674514612,22.605000019073486,14.922083346794048,15.365833344558874,6.2895358587285,33.47000029683113,292.70000249147415,80.47478683442472,9.369999885559084,24.410000324249268,0,10.899999618530272,Water Year
SC,low,422,38.41167,-120.73583000000001,historic,1977,82.32333294550578,0,21.261666915379465,7.81083341439565,23.468333562215168,15.63958348830541,15.657500147819519,6.862385302304563,34.68000137805939,255.14000298455358,102.6921477540557,13.580000400543213,23.645000457763672,0.25999999046325684,45.810001373291016,Water Year
SC,low,422,38.41167,-120.73583000000001,historic,1978,71.28000036875407,0,85.71333486835162,8.960833430290222,23.18833311398824,16.074583272139233,14.227499683698019,5.823858121414716,29.860000133514404,1028.5600184202194,105.35191785074313,9.56000018119812,22.853332996368408,0,122.80999755859376,Water Year
SC,low,422,38.41167,-120.73583000000001,historic,1979,72.90666627883911,0,63.82333202318599,7.559166552498937,22.5658331712087,15.062499861853818,15.006666618709763,7.031459751402967,33.87999878078699,765.8799842782319,105.45665340170147,7.75000023841858,22.1299991607666,4.170000076293945,58.56999969482422,Water Year
SC,low,422,38.41167,-120.73583000000001,historic,1980,69.92499987284343,0,69.0766670818751,7.9049999713897705,22.890833298365276,15.397916634877523,14.985833326975504,5.744610908376042,31.159998416900635,828.9200049825013,114.83046655917587,8.609999895095825,21.40499973297119,24.049999237060547,240.8699951171875,Water Year
SC,low,422,38.41167,-120.73583000000001,historic,1981,76.33249998092651,0,48.7025012653321,8.17166660229365,23.866666793823242,16.019166698058445,15.695000191529592,6.344593078774429,33.02000164985657,584.4300151839852,119.63849290221819,8.97499966621399,24.192500114440918,0.10000000149011612,60.88999938964844,Water Year
SC,low,422,38.41167,-120.73583000000001,historic,1982,67.29833380381267,1.2483332951863606,110.37000149985155,7.8200000418970985,21.71250009536743,14.766250068632266,13.892500053470334,6.1756238962956,33.15000046044588,1324.4400179982185,79.16194714002383,9.210000276565552,23.702499628067017,0.4099999964237213,209.02000427246097,Water Year
SC,low,422,38.41167,-120.73583000000001,historic,1983,66.2425012588501,0,107.58250013987224,7.720833450555801,21.81916658083598,14.77000001569589,14.098333130280176,6.650196849325297,31.94999897480011,1290.9900016784668,95.53355271250233,10.004999876022339,22.170000553131104,4.099999904632568,219.9600067138672,Water Year
SC,low,422,38.41167,-120.73583000000001,historic,1984,75.59499947230022,0,70.99833331412326,8.291666686534882,23.31833330790202,15.80499999721845,15.026666621367136,6.73464022484174,33.75999903678894,851.979999769479,141.63181905554288,10.40500020980835,25.989999294281006,0.05000000074505806,9.119999885559082,Water Year
SC,low,422,38.41167,-120.73583000000001,historic,1985,77.60416666666667,0,45.55833305915196,7.298333307107289,22.636666536331177,14.967499921719233,15.338333229223887,6.957649975088977,35.139999866485596,546.6999967098236,127.00453365171232,9.739999771118164,21.317500114440918,0,32.88999938964844,Water Year
SC,low,422,38.41167,-120.73583000000001,historic,1986,72.38333209355672,0,83.08500069379807,8.14166663090388,23.175000031789143,15.658333331346512,15.033333400885263,5.90789982078575,34.09999990463257,997.0200083255768,128.03781249883045,10.77999997138977,23.535000165303547,0,80.94000244140625,Water Year
SC,low,422,38.41167,-120.73583000000001,historic,1987,80.24916696548462,0,34.71583325167497,8.19666663557291,24.134166797002155,16.165416716287535,15.937500161429247,6.312291510084256,33.10999968647957,416.58999902009964,134.59949485455633,10.8100004196167,22.62999979654948,0,82.66999816894531,Water Year
SC,low,422,38.41167,-120.73583000000001,historic,1988,74.08250013987224,0,34.41916662671914,8.353333334128061,23.981666644414265,16.167499989271164,15.628333310286203,6.482038978138957,34.00000023841858,413.02999952062964,116.42210745145829,7.34500014781952,24.62000036239624,0.05000000074505806,106.5,Water Year
SC,low,422,38.41167,-120.73583000000001,historic,1989,73.47833299636841,0,57.40666749080022,7.796666572491327,22.294166485468548,15.045416528979937,14.497499912977219,6.301128508282277,33.90000092983246,688.8800098896027,98.23551345909631,11.404999494552612,24.510000228881836,0,36.36000061035156,Water Year
SC,low,422,38.41167,-120.73583000000001,historic,1990,68.49083352088928,0,38.99166629649699,7.73749998708566,23.134166479110718,15.435833233098188,15.396666492025057,6.418147867957354,33.59000092744827,467.89999555796385,103.95780097876049,7.320000052452087,23.514999389648438,0.8199999928474426,86.089996337890625,Water Year
SC,low,422,38.41167,-120.73583000000001,historic,1991,71.8600001335144,0,52.089166754235826,7.467499941587448,22.400000015894573,14.93374997874101,14.932500074307123,6.780207144883882,35.11000049114227,625.0700010508299,161.4594302955872,8.134999871253967,24.605000019073486,0,31.530000686645508,Water Year
SC,low,422,38.41167,-120.73583000000001,historic,1992,76.80416695276897,0,43.69916656085601,8.831666650871435,23.380000114440918,16.105833382656176,14.548333463569481,6.376961944912221,34.209998935461044,524.389998730272,125.55223391785401,10.895000457763672,22.78500008583069,0,49.31999969482422,Water Year
SC,low,422,38.41167,-120.73583000000001,historic,1993,66.635000705719,0,79.62583208084106,8.175000021855036,22.107500076293945,15.141250049074491,13.93250005443891,6.19908178117468,30.920000433921814,955.5099849700928,120.70812510483464,7.180000066757202,22.7400000890096,0,229.9199981689453,Water Year
SC,low,422,38.41167,-120.73583000000001,historic,1994,72.55416552225749,0,41.99333357438445,7.951666673024495,22.75083343187968,15.351250052452087,14.799166758855185,6.258521494340763,31.929999589920044,503.9200028926134,96.0430620091824,8.09000027179718,24.382499933242798,0,82.779998779296875,Water Year
SC,low,422,38.41167,-120.73583000000001,recent,1995,59.002500693003334,0,97.10166570668419,8.247499922911325,21.40333326657613,14.825416594743729,13.155833343664805,6.1893747312921885,31.07999849319458,1165.2199884802103,117.58939026922363,9.31000018119812,21.349999745686848,0,123.75,Water Year
SC,low,422,38.41167,-120.73583000000001,recent,1996,62.56333343187968,0,73.4758347781996,9.260000069936117,23.31000010172526,16.28500008583069,14.050000031789144,5.970596703478403,31.510000705718994,881.7100173383951,99.53212491396738,11.005000114440918,25.265000343322754,0.14000000059604645,174.60000610351563,Water Year
SC,low,422,38.41167,-120.73583000000001,recent,1997,77.88083187739055,0,73.75083327293396,9.120000084241232,23.043333450953167,16.0816667675972,13.923333366711933,5.908468670010659,29.159998893737793,885.0099992752075,156.63579690012926,9.130000114440918,24.03999948501587,0,292.0899963378906,Water Year
SC,low,422,38.41167,-120.73583000000001,recent,1998,56.798334320386246,0,104.3199990844975,8.545833269755045,21.035833438237507,14.790833353996277,12.490000168482462,6.304985334149765,32.33000087738037,1251.83998901397,105.24075540123584,8.21999979019165,25.265000343322754,0,70.88999938964844,Water Year
SC,low,422,38.41167,-120.73583000000001,recent,1999,71.92583290735881,0,60.06083316604296,7.327500065167745,21.675833384195965,14.501666724681854,14.34833331902822,6.484980399703718,31.830000162124634,720.7299979925156,120.48054838039413,7.900000095367432,22.25000023841858,1.0700000524520874,64.29000091552734,Water Year
SC,low,422,38.41167,-120.73583000000001,recent,2000,68.1274995803833,0,81.38416761656602,8.870833396911621,22.75750009218852,15.81416674455007,13.886666695276897,5.986109989486792,31.52999973297119,976.6100113987923,116.20829817773864,9.834999799728394,22.480000019073486,0.3199999928474426,17.25,Water Year
SC,low,422,38.41167,-120.73583000000001,recent,2001,76.40583276748657,0,38.00916653949146,8.515000025431315,23.492499828338623,16.003749926884968,14.977499802907309,7.012168226085798,32.269999265670776,456.1099984738976,113.71356280829454,7.850000023841858,23.049999713897705,0,100.0500030517578,Water Year
SC,low,422,38.41167,-120.73583000000001,recent,2002,75.7241662343343,0,53.398333670261,8.573333243529001,23.230833053588867,15.902083148558935,14.657499810059866,6.663398211829282,33.39999866485596,640.7800040431321,120.18608480385313,7.68999993801117,23.807499408721924,0,79.37000274658203,Water Year
SC,low,422,38.41167,-120.73583000000001,recent,2003,72.66333405176799,0,56.606666987761855,9.23250013589859,23.74333357810974,16.487916857004166,14.510833442211151,6.764231540557978,33.72000193595886,679.2800038531423,130.3645849404058,8.740000247955322,23.25250005722046,0.07000000029802322,233.72000122070313,Water Year
SC,low,422,38.41167,-120.73583000000001,recent,2004,80.09166622161865,0,59.40499997449418,8.775833268960318,23.260833342870075,16.018333305915196,14.48500007390976,6.405909869328425,31.15000009536743,712.8599996939301,123.39650515579412,8.820000171661377,24.587499618530273,0,83.0199966430664,Water Year
SC,low,422,38.41167,-120.73583000000001,recent,2005,64.38833260536194,0,77.11750021576881,8.95666672786077,22.586666345596313,15.77166653672854,13.629999617735546,6.619370645578456,33.189998149871826,925.4100025892258,96.71333643812939,7.360000014305114,27.07499885559082,0,208.6000061035156,Water Year
SC,low,422,38.41167,-120.73583000000001,recent,2006,71.04666741689046,0,89.39083326328546,9.316666662693024,23.048333247502644,16.182499955097835,13.731666584809622,6.791433599561303,33.75000071525574,1072.6899991594255,122.39913532549531,9.359999895095825,23.19499945640564,0.01999999955296516,227.4600067138672,Water Year
SC,low,422,38.41167,-120.73583000000001,recent,2007,75.53250010808308,0,46.535000463326774,8.554166545470556,22.78999964396159,15.672083094716072,14.235833098491034,6.376075794803181,33.56000077724457,558.4200055599213,124.3389815633047,9.069999814033508,24.734999656677246,0,31.809999465942383,Water Year
SC,low,422,38.41167,-120.73583000000001,recent,2008,81.67666689554851,0,41.035833776773266,8.727500041325888,23.238333066304524,15.982916553815206,14.510833024978638,6.953793616976972,32.649998903274536,492.43000532127917,157.17478859151802,6.709999918937683,23.44499985376994,0.00999999977648258,118.58000183105467,Water Year
SC,low,422,38.41167,-120.73583000000001,recent,2009,73.00833415985107,0,54.03583403738836,8.638333241144815,22.679999748865765,15.65916649500529,14.041666507720947,6.842663497847747,33.61999988555908,648.4300084486604,88.66561696593101,8.789999723434448,24.624999523162842,0.03999999910593033,89.7300033569336,Water Year
SC,low,422,38.41167,-120.73583000000001,recent,2010,67.35083373387654,0,70.7266662394007,8.368333299954733,21.607499996821087,14.987916648387909,13.239166696866354,6.296136570293897,31.780001163482666,848.7199948728085,90.64982674315337,8.339999675750732,23.27250027656555,0,129.72999572753906,Water Year
SC,low,422,38.41167,-120.73583000000001,recent,2011,62.82999920845032,0,94.29583217700322,8.060000071922937,20.982499996821087,14.521250034372011,12.922499924898148,6.501853769484738,31.30000150203705,1131.5499861240387,101.62602417267023,9.075000047683716,23.450000524520874,0,148,Water Year
SC,low,422,38.41167,-120.73583000000001,recent,2012,70.99833329518636,0,47.34333393971125,8.113333215316137,22.550833145777386,15.33208318054676,14.437499930461248,6.632720288472209,33.67999827861786,568.120007276535,134.23808957852276,9.194999933242798,25.869998931884766,0,1.9600000381469729,Water Year
SC,low,422,38.41167,-120.73583000000001,recent,2013,75.14000113805135,0,46.115000784397125,8.15166661143303,22.801666180292766,15.476666395862898,14.649999568859736,6.453063688244641,34.57999908924103,553.3800094127655,151.93323519633896,7.074999809265137,24.392499208450317,0,29.6200008392334,Water Year
SC,low,422,38.41167,-120.73583000000001,recent,2014,74.1524993578593,0,42.58416619307051,9.167500128348669,23.852500200271606,16.51000016431014,14.68500007192294,5.958982570175561,32.90999948978424,511.0099943168461,144.47183000152816,10.149999856948853,23.482500076293945,0,13.899999618530272,Water Year
SC,low,422,38.41167,-120.73583000000001,recent,2015,74.89499839146931,0,50.083333288629845,9.659166713555654,23.677500009536743,16.6683333615462,14.018333295981089,5.687486640820384,29.170001745224,600.9999994635582,142.7950792888156,9.47000002861023,23.24250078201294,1.0399999618530271,0.9700000286102296,Water Year
SC,low,422,38.41167,-120.73583000000001,recent,2016,71.03833309809367,0,84.97166778876756,8.617500106493631,22.419166485468548,15.518333295981089,13.801666378974915,6.339411330347766,32.05999827384949,1019.6600134652108,104.91963915320623,11.555000305175781,22.65999968846639,0,170.22000122070313,Water Year
SC,low,422,38.41167,-120.73583000000001,recent,2017,70.44666624069214,0.6308333476384481,103.9700012380878,9.080833415190378,22.450833559036255,15.765833487113317,13.370000143845875,7.070385584053321,33.47999978065491,1247.6400148570538,133.46610542978627,6.0950000286102295,26.09500026702881,0,410.3200073242187,Water Year
SC,low,422,38.41167,-120.73583000000001,recent,2018,71.74499988555908,0,59.16416700681051,8.813333332538605,23.011666536331177,15.91249993443489,14.198333203792572,6.25359545212958,32.78000068664551,709.9700040817261,139.50505020774833,9.569999933242798,23.338749885559082,0,21.09000015258789,Water Year
SC,low,422,38.41167,-120.73583000000001,recent,2019,63.30416711171468,0,85.8291665079693,8.973333358764648,22.048333326975506,15.510833342870077,13.074999968210856,6.487901233540618,31.72000026702881,1029.9499980956316,105.63271104928586,6.425000190734863,24.96999979019165,0,290.9599914550781,Water Year
SC,low,422,38.41167,-120.73583000000001,recent,2020,71.17333396275838,0,48.23333338632559,10.053333322207132,23.644999980926514,16.849166651566822,13.591666658719381,6.780843688299113,31.12999963760376,578.800000635907,129.96825977288515,8.894999980926514,24.245000044504803,0,66.029998779296875,Water Year
SC,low,422,38.41167,-120.73583000000001,recent,2021,81.58999919891357,0,54.2674995867225,9.225833396116892,23.360000212987263,16.29291680455208,14.134166816870371,6.746485074379227,31.79000163078308,651.20999504067,131.28998196370688,15.690000057220459,24.067500829696655,0.00999999977648258,164.6300048828125,Water Year
SC,low,422,38.41167,-120.73583000000001,recent,2022,74.25083430608113,0,36.680833459676556,9.65916661421458,23.33666658401489,16.497916599114735,13.677499969800309,6.63536671829304,30.839998245239258,440.1700015161187,189.4958847655572,7.139999866485596,19.190000057220452,1.0299999713897705,245.27000427246097,Water Year
SC,low,422,38.41167,-120.73583000000001,recent,2023,73.79333289464311,0,103.80416535244638,8.514166742563251,21.037499904632575,14.775833323597913,12.523333162069324,6.991876135930879,33.30000078678136,1245.6499842293565,133.64753444738759,7.995000123977681,26.025000572204604,0.0500000007450581,354.220001220703,Water Year
SC,low,422,38.41167,-120.73583000000001,recent,2024,72.85499954223637,0,56.56833317860335,10.315000057220455,22.833333094914757,16.574166576067608,12.518333037694303,6.7252609568006205,31.17999839782716,678.8199981432402,115.19133961687028,10.004999876022325,22.9049997329712,0.00999999977648258,145.529998779297,Water Year
SC,low,422,38.41167,-120.73583000000001,recent,2025,74.49636389992456,0,57.20545529658813,9.145454471761528,21.877272692593657,15.511363582177593,12.731818220832126,6.475604889283227,30.04000020027163,629.2600082624695,119.08298997400078,9.270000219345095,21.674999713897698,0.0399999991059303,21.3999996185303,Water Year
SQ3,high,2373,36.72109,-118.84933,historic,1965,51.51916758219401,287.5974985758464,108.10166509946188,-0.7516667048136393,11.168333331743876,5.208333313465118,11.920000036557516,5.9759866099045365,27.630000591278076,1297.2199811935425,116.72696508644488,-0.5299999713897705,8.459999859333038,8.680000305175781,240.55999755859375,Water Year
SQ3,high,2373,36.72109,-118.84933,historic,1966,62.579166889190674,105.03750324249268,66.43416700263818,0.2883333464463552,12.735833505789438,6.512083426117897,12.447500159343084,6.8866180157707015,32.570000648498535,797.2100040316582,142.12858114280388,2.8499999046325684,8.950000047683716,8.829999923706055,81.86000061035156,Water Year
SQ3,high,2373,36.72109,-118.84933,historic,1967,49.33333293596904,332.37499872843426,162.73416352272034,0.09583341578642528,12.346666743357977,6.221250079572201,12.25083332757155,6.995561362998638,33.8100004196167,1952.809962272644,125.21145824757572,0.809999942779541,17.230000019073486,3.3499999046325684,429.989990234375,Water Year
SQ3,high,2373,36.72109,-118.84933,historic,1968,61.51083326339722,79.1799996693929,58.4875003794829,0.3383332599575321,12.67000013589859,6.504166697928061,12.331666875941057,6.312489417591837,31.3700008392334,701.8500045537949,90.7574367724086,-2.6200000047683716,13.440000295639038,1.7999999523162842,176.0500030517578,Water Year
SQ3,high,2373,36.72109,-118.84933,historic,1969,47.535000483194985,568.349993387858,183.3608341962099,-0.9466666132211685,11.578333338101706,5.3158333624402685,12.524999951322874,7.144687795364185,34.02000045776367,2200.330010354519,142.02266790255933,-0.5250000953674316,16.700000286102295,0.18000000715255737,504.8800048828125,Water Year
SQ3,high,2373,36.72109,-118.84933,historic,1970,59.3183331489563,113.43416786193848,73.94333456037566,-0.15666676064332327,12.835000077883402,6.33916665862004,12.991666838526726,6.4400355754998,30.47000026702881,887.3200147245079,141.86617642596212,-0.31999993324279785,11.545000076293945,9.869999885559082,69.44000244140625,Water Year
SQ3,high,2373,36.72109,-118.84933,historic,1971,55.66083335876465,138.0299997329712,78.41833407680194,-0.8749999900658926,11.644166688124338,5.384583349029223,12.519166678190231,6.7446179455270245,31.850000381469727,941.0200089216232,112.33419817872011,-2.7949999570846558,16.68499994277954,1.6299999952316284,288.4800109863281,Water Year
SQ3,high,2373,36.72109,-118.84933,historic,1972,57.16500027974447,113.33749961853027,60.37000053127607,-0.640833261112372,11.840833246707916,5.599999992797772,12.481666507820288,6.74335634286617,32.96000003814697,724.4400063753128,135.07511329979107,-4.274999976158142,16.860000133514404,1.830000042915344,304.260009765625,Water Year
SQ3,high,2373,36.72109,-118.84933,historic,1973,55.21416680018107,331.0541655222575,110.31583439186215,-1.3791667222976685,11.26666659116745,4.943749934434891,12.645833313465118,7.446452123671248,32.13999938964844,1323.7900127023458,107.59551865618346,-3.3849997520446777,11.819999694824219,0.10999999940395357,234.6000061035156,Water Year
SQ3,high,2373,36.72109,-118.84933,historic,1974,54.30333344141642,187.81166648864746,102.8616654491052,-0.2516666203737259,12.395000159740448,6.071666769683361,12.646666780114174,6.758158540552331,29.760000228881836,1234.3399853892624,107.16373721255232,0.8400001525878906,14.700000524520874,13.010000228881836,281.0199890136719,Water Year
SQ3,high,2373,36.72109,-118.84933,historic,1975,53.50500011444092,172.79583422342935,96.26916811863582,-1.0741666592657566,11.253333230813345,5.089583285773794,12.327499890079102,6.694981324752737,29.55000114440918,1155.2300174236298,100.64014061332581,-1.8400001525878906,13.644999742507936,11.229999542236328,172.7899932861328,Water Year
SQ3,high,2373,36.72109,-118.84933,historic,1976,57.613333225250244,21.915000279744465,49.64416642983754,-0.3633333047231038,12.145000060399374,5.890833377838135,12.508333365122477,5.37853177954996,29.380000114440918,595.7299971580505,91.14945739715425,-0.434999942779541,10.420000076293945,14.460000038146973,113.87999725341795,Water Year
SQ3,high,2373,36.72109,-118.84933,historic,1977,56.082500060399376,16.11916669209798,32.635833402474724,0.07500006258487701,12.604999780654907,6.339999921619892,12.52999971807003,6.195652994143527,31.119998931884766,391.63000082969666,98.98910988640897,1.534999966621399,10.999999523162842,12.850000381469728,49.54999923706055,Water Year
SQ3,high,2373,36.72109,-118.84933,historic,1978,52.86666599909464,297.9141705830892,160.9158343092228,0.15249997874101004,12.070000112056732,6.111250045398871,11.917500133315722,5.8844554251158785,28.500000953674316,1930.9900117106736,100.67176641683658,2.649999976158142,10.099999785423279,2.0399999618530273,376.5400085449219,Water Year
SQ3,high,2373,36.72109,-118.84933,historic,1979,57.552500883738205,165.99083491166434,83.66916577021281,-0.9574999163548151,11.599166790644327,5.320833437144756,12.556666706999144,6.934125476035427,31.43000030517578,1004.0299892425537,109.63735326980678,-2.0299999713897705,11.68000054359436,3.8299999237060542,177.77999877929688,Water Year
SQ3,high,2373,36.72109,-118.84933,historic,1980,51.20916740099589,234.62583708763123,127.45333391660824,0.01250000794728599,11.693333307902018,5.852916657924652,11.680833299954731,5.823946135506979,29.160000801086422,1529.440006999299,142.19931806814157,-0.04500007629394531,14.195000171661377,21.770000457763672,158.39999389648438,Water Year
SQ3,high,2373,36.72109,-118.84933,historic,1981,59.271665732065834,57.41833305358887,73.74333374931787,0.6516666365787387,13.27583340803782,6.96375002230828,12.624166771459082,6.185044717902063,29.94000005722046,884.9200049918145,109.86139871298222,0.559999942779541,13.944999933242798,2.6700000762939453,216.88999938964844,Water Year
SQ3,high,2373,36.72109,-118.84933,historic,1982,46.57333358128866,192.76750167210898,146.46416608492532,-0.31083331753810245,11.169999917348227,5.429583299905062,11.480833234886328,5.6413927583039865,28.350000381469727,1757.569993019104,84.63851745255998,-1.4950001239776614,14.74500036239624,11.5,337.1600036621094,Water Year
SQ3,high,2373,36.72109,-118.84933,historic,1983,45.43833311398824,443.48916753133136,164.77500233178338,-0.6641666690508524,10.768333276112875,5.052083303531011,11.432499945163727,6.165240999129186,26.40999984741211,1977.3000279814005,93.07500330591375,-0.6050000190734863,13.054999828338623,53.66999816894531,147.1699981689453,Water Year
SQ3,high,2373,36.72109,-118.84933,historic,1984,56.19999965031942,168.08666865030924,95.21416916449864,0.8649998952945075,12.288333535194397,6.5766667152444525,11.423333639899889,6.433299875038681,29.070000648498535,1142.5700299739838,129.32185071166927,0.08999991416931152,9.820000290870667,46.34000015258789,145.41000366210938,Water Year
SQ3,high,2373,36.72109,-118.84933,historic,1985,58.304166634877525,150.64666875203451,74.70749986326943,-0.21666662891705843,11.740833163261414,5.762083267172177,11.957499792178472,6.764210740709654,31.039999485015873,896.4899983592331,118.17201723046941,-1.6000001430511475,15.019999980926514,11.529999732971191,105.0500030517578,Water Year
SQ3,high,2373,36.72109,-118.84933,historic,1986,58.09833351771037,165.1241633097331,130.60250125949582,0.5458333293596902,12.289999922116598,6.417916625738144,11.744166592756908,5.343338431548554,27.700000286102295,1567.2300151139498,127.68558240160813,0.2049999237060547,12.59500002861023,3.700000047683716,567.96002197265625,Water Year
SQ3,high,2373,36.72109,-118.84933,historic,1987,61.89166593551636,52.78583176930746,56.74583321313063,0.4983333150545756,12.770000060399372,6.6341666877269745,12.271666745344797,6.256177352215218,30.420001029968258,680.9499985575676,109.98260862441114,-1.3450000286102295,13.369999885559082,6.210000038146973,106.4800033569336,Water Year
SQ3,high,2373,36.72109,-118.84933,historic,1988,55.66499980290731,87.40999857584636,64.5741662979126,0.8925000137339038,13.00499991575877,6.948749964746336,12.112499902024865,6.623125508029814,31.47999954223633,774.8899955749512,108.84729013648305,-0.24500012397766113,12.109999656677246,10.9399995803833,177.80999755859375,Water Year
SQ3,high,2373,36.72109,-118.84933,historic,1989,62.14916737874349,68.16166687011719,78.42000003733361,0.24999991556008658,12.43750003973643,6.343749977648258,12.187500124176344,6.278233413485461,32.8100004196167,941.0400004480034,88.2827767736126,-0.24500012397766113,16.550000190734863,0.00999999977648258,111.31999969482422,Water Year
SQ3,high,2373,36.72109,-118.84933,historic,1990,63.03916581471761,44.42750040690104,50.99916605154674,1.2216667731602986,13.208333373069763,7.215000073115031,11.986666599909464,5.912540607096205,30.65999984741211,611.9899926185608,113.59014203291221,0.03500008583068848,4.4250001311302185,3.009999990463257,145.3699951171875,Water Year
SQ3,high,2373,36.72109,-118.84933,historic,1991,58.79083410898844,118.69916480779648,82.24333506077528,0.4075000584125519,12.225833415985107,6.31666673719883,11.818333357572556,6.599078170736371,31.679999351501465,986.9200207293034,208.10188416725936,-3.31499981880188,16.329999923706055,0.4000000059604645,625.4000244140625,Water Year
SQ3,high,2373,36.72109,-118.84933,historic,1992,62.130834102630615,27.19583336512248,67.97166609764099,1.8199999791880448,13.602500120798746,7.711250049993396,11.782500141610702,5.823897102592321,29.480000019073486,815.6599931716919,98.71509673871147,0.4350001811981201,13.714999914169312,7.800000190734863,218.2899932861328,Water Year
SQ3,high,2373,36.72109,-118.84933,historic,1993,54.214165687561035,295.5300013224284,108.22500176200022,0.12166668971379598,11.90249995390574,6.012083321809769,11.780833264191946,6.497005068331063,30.510000228881836,1298.7000211440027,130.1943322713928,-1.2349998950958252,14.009999990463257,3.4800000190734863,298.239990234375,Water Year
SQ3,high,2373,36.72109,-118.84933,historic,1994,62.02916622161865,44.118334452311196,70.46916616537298,1.2400000393390656,13.023333191871643,7.131666615605354,11.783333152532578,6.675386634435043,32.769999504089355,845.6299939844757,98.84710326393956,-2.3899998664855957,13.334999561309814,0.30000001192092896,262.67999267578125,Water Year
SQ3,high,2373,36.72109,-118.84933,recent,1995,48.1808340549469,364.804168065389,145.14833613609275,-0.12333338459332784,11.783333361148834,5.829999988277753,11.906666745742163,6.649453139549293,29.380000591278076,1741.780033633113,127.24670853762258,-0.13499999046325684,11.214999914169312,0.20000000298023224,517.1500244140625,Water Year
SQ3,high,2373,36.72109,-118.84933,recent,1996,54.93499978383382,166.01083374023438,111.05250053107738,1.2158333361148834,13.634999990463257,7.42541666328907,12.419166654348373,6.679248296444911,30.86000061035156,1332.6300063729286,115.57705643915239,-0.309999942779541,8.089999794960022,10.699999809265137,408.25,Water Year
SQ3,high,2373,36.72109,-118.84933,recent,1997,61.02416658401489,229.70166301727295,125.45583337421219,1.0766666531562805,13.115833401679993,7.096250027418137,12.039166748523712,5.975016204521361,29.689999103546143,1505.4700004905462,166.34640246528667,-0.505000114440918,16.869999408721924,0.2300000041723251,591.3800048828125,Water Year
SQ3,high,2373,36.72109,-118.84933,recent,1998,45.83166631062826,328.76333872477215,147.3608349263668,-0.9874999721844991,10.919166723887125,4.965833375851314,11.906666696071625,6.757124840412266,32.94000053405762,1768.3300191164017,88.2793220182797,-2.9149999618530273,15.84499979019165,7.340000152587891,466.1700134277344,Water Year
SQ3,high,2373,36.72109,-118.84933,recent,1999,57.8116668065389,64.87083276112875,64.93083341916402,0.6683332622051239,12.960833390553791,6.8145833263794575,12.292500128348667,6.836285430762167,28.92000102996826,779.1700010299683,89.5314086559127,1.0900001525878906,12.919999599456787,24.88999938964844,86.55999755859375,Water Year
SQ3,high,2373,36.72109,-118.84933,recent,2000,61.24166615804037,110.65333429972331,97.91916688283284,1.5574999675154686,13.826666514078775,7.692083240797122,12.269166546563307,6.415570555966836,30.249999523162842,1175.0300025939941,125.51192247866894,-0.7300000190734863,15.904999732971191,6.28000020980835,398.8999938964844,Water Year
SQ3,high,2373,36.72109,-118.84933,recent,2001,59.83500051498413,85.07916641235352,61.4049997817104,0.7266666491826373,13.903333306312561,7.314999977747599,13.176666657129923,7.805984607807333,34.53999900817871,736.8599973805249,126.72137015783969,-2.9049999713897705,13.559999942779541,0.01999999955296516,204.6000061035156,Water Year
SQ3,high,2373,36.72109,-118.84933,recent,2002,63.322500228881836,112.21083323160808,76.70333390682936,0.48166666676600745,13.759166717529297,7.120416692147653,13.27750005076329,6.981676532300682,32.90000009536743,920.4400068819523,127.23178093150612,-1.3900001049041748,16.78499984741211,1.3600000143051147,291.3800048828125,Water Year
SQ3,high,2373,36.72109,-118.84933,recent,2003,56.08500051498413,90.1875,98.60583330069979,1.5691666603088377,14.241666714350382,7.90541668732961,12.672500054041546,7.534322881703396,32.070000648498535,1183.2699996083975,102.24924105054134,4.544999957084657,13.425000190734863,28.040000915527344,218.11000061035156,Water Year
SQ3,high,2373,36.72109,-118.84933,recent,2004,63.274999936421715,108.71749941507974,79.04333432515462,0.8666667739550272,13.215833206971487,7.041249990463257,12.349166433016459,6.906891813429155,31.799999237060547,948.5200119018555,123.80721760504974,0.21000003814697266,16.915000438690186,4.630000114440918,209.0800018310547,Water Year
SQ3,high,2373,36.72109,-118.84933,recent,2005,55.83750120798747,107.67083231608072,94.92166643822566,0.8299999535083771,13.06166676680247,6.945833360155423,12.231666813294092,6.712756132840783,31.600000381469727,1139.0599972587079,116.85075246354425,0.309999942779541,10.390000343322754,0.4000000059604645,356.69000244140625,Water Year
SQ3,high,2373,36.72109,-118.84933,recent,2006,53.89000097910563,163.20083045959473,112.7791654143172,1.0308334113409123,13.593333383401236,7.312083397371073,12.562499972060323,7.241071488182117,34.65000057220459,1353.3499849718064,116.9012015186756,0.15000009536743164,14.395000219345093,29.170000076293945,307.0799865722656,Water Year
SQ3,high,2373,36.72109,-118.84933,recent,2007,69.8333330154419,27.515000025431316,45.676666498184204,1.1816667715708415,14.4341668287913,7.807916800181071,13.252500057220459,6.755459338142031,34.18000030517578,548.1199979782104,125.70715703364932,0.16499996185302734,16.175000190734863,0,35.849998474121094,Water Year
SQ3,high,2373,36.72109,-118.84933,recent,2008,62.35166756312053,137.2608362833659,68.07583378752074,1.1374999756614368,14.204999963442484,7.671249969551961,13.067499987781048,7.377366541031443,32.84000015258789,816.9100054502487,148.41246920116123,-1.4000000953674316,13.59999966621399,0.5299999713897705,163.99000549316406,Water Year
SQ3,high,2373,36.72109,-118.84933,recent,2009,60.294166247049965,69.00000127156575,87.61583290994167,1.4541666507720947,14.228333234786987,7.841249942779541,12.774166584014893,6.938426306398616,32.59999990463257,1051.3899949193,84.09205026814679,-0.9500000476837158,16.9350004196167,1.0399999618530271,223.75,Water Year
SQ3,high,2373,36.72109,-118.84933,recent,2010,54.89083369572957,166.53083419799805,93.6316658553357,0.25083335240681964,12.8100000222524,6.53041668732961,12.559166669845581,7.041197016754779,29.84999942779541,1123.5799902640283,105.95277233599099,-0.5649998188018799,16.624999523162842,3.4200000762939453,245.75,Water Year
SQ3,high,2373,36.72109,-118.84933,recent,2011,49.42333300908407,230.0433358748754,135.70750109354654,0.05916664997736617,12.862500170866648,6.4608334104220075,12.803333520889282,6.857972562068594,32.3700008392334,1628.4900131225586,126.17152880026875,1.244999885559082,16.56500005722046,5.010000228881836,186.7100067138672,Water Year
SQ3,high,2373,36.72109,-118.84933,recent,2012,68.19583320617676,12.075833320617676,49.88500052349021,1.6916667024294536,14.423333565394083,8.057500133911768,12.73166686296463,6.739887326033135,31.980000495910645,598.6200062818825,131.75274342029405,3.0950002670288086,1.3499999046325684,3.190000057220459,47.90999984741211,Water Year
SQ3,high,2373,36.72109,-118.84933,recent,2013,67.89833291371663,74.10583114624023,46.00083296497663,1.1808333570758502,13.809999942779541,7.495416649927695,12.62916658570369,7.013665677928653,33.499999046325684,552.0099955797195,155.3937299149625,-1.184999942779541,14.309999942779541,13.06999969482422,25.260000228881836,Water Year
SQ3,high,2373,36.72109,-118.84933,recent,2014,69.8208335240682,1.3041666348775227,36.95333284372464,2.294999952117602,15.114999969800314,8.704999960958958,12.82000001768271,6.220379219835554,30.260000228881836,443.43999412469566,114.60955376155329,3.274999976158143,11.385000228881836,5.730000019073486,23.06999969482422,Water Year
SQ3,high,2373,36.72109,-118.84933,recent,2015,69.03500000635783,9.927499930063883,45.382500886917114,2.7541666428248086,14.68249996503194,8.718333303928375,11.928333322207132,5.9225728314332535,28.30999994277954,544.5900106430054,104.64288150012295,1.0350000858306885,18.179999828338623,2.380000114440918,158.72000122070313,Water Year
SQ3,high,2373,36.72109,-118.84933,recent,2016,65.56166664759319,83.86333513259888,81.25083365415533,1.506666640440623,13.922499934832256,7.714583287636439,12.415833294391632,7.0217885559513356,31.229999542236328,975.010003849864,93.55639489277385,-0.17999982833862305,18.18499994277954,0,165.1699981689453,Water Year
SQ3,high,2373,36.72109,-118.84933,recent,2017,59.31250031789144,289.76500129699707,134.56249929467836,1.850000003973643,14.010833422342936,7.93041671315829,12.160833418369293,6.830682978113014,32.65000057220459,1614.7499915361404,156.1431042802454,-1.7799999713897705,18.670000076293945,0.6399999856948853,719,Water Year
SQ3,high,2373,36.72109,-118.84933,recent,2018,66.1916667620341,23.320833136638004,66.87166544298331,2.143333410223325,14.65166668097178,8.397500045597553,12.508333270748457,6.589549375933691,31.65000009536743,802.4599853157997,169.00835494409694,-0.11999988555908203,13.395000457763672,11.529999732971191,408.7099914550781,Water Year
SQ3,high,2373,36.72109,-118.84933,recent,2019,52.56833370526632,152.28916676839194,108.34500088294347,1.155000030994415,12.59583322207133,6.875416626532872,11.440833191076914,6.802148767081984,32.75999927520752,1300.1400105953217,119.42652750982701,-3.805000066757202,12.937499761581421,0,404.8500061035156,Water Year
SQ3,high,2373,36.72109,-118.84933,recent,2020,66.32916657129924,38.30083338419597,54.68249862206479,2.614999959866206,14.59499990940094,8.604999934633573,11.979999949534733,7.424849507052457,32.59000015258789,656.1899834647775,118.189529504288,-0.25,15.457499861717224,7.909999847412109,127.3499984741211,Water Year
SQ3,high,2373,36.72109,-118.84933,recent,2021,72.47916666666667,18.574166297912598,40.43500101069609,2.484166670590639,14.540833433469137,8.512500052029887,12.056666762878498,7.481047177590438,32.609999656677246,485.2200121283531,118.6912286456281,0.28999996185302734,16.415000438690186,6.5,82.94000244140625,Water Year
SQ3,high,2373,36.72109,-118.84933,recent,2022,70.08999999364217,71.9383316040039,48.68500010188048,2.7908333887656527,14.31166672706604,8.551250057915846,11.520833338300388,6.454924946672459,29.779999256134033,584.2200012225658,226.46163401988895,0.44499993324279785,3.15500009059906,14.869999885559082,399.6600036621094,Water Year
SQ3,high,2373,36.72109,-118.84933,recent,2023,51.44416681925456,571.1616681019464,172.23166628678635,-0.038333391149838074,11.07583317160607,5.518749890228116,11.114166562755907,7.38383790700775,32.999999046325726,2066.7799954414363,129.8678330396215,-3.5899999737739594,17.74499940872195,4.17999982833862,614.219970703125,Water Year
SQ3,high,2373,36.72109,-118.84933,recent,2024,60.341665903727176,90.18416595458987,70.49416627610726,2.264166690409181,13.3633331656456,7.8137499280273905,11.09916647523642,7.261568543805366,31.00999927520753,845.9299953132872,128.57984148147594,-0.7749999761581401,14.875000476837155,1.89999997615814,284.339996337891,Water Year
SQ3,high,2373,36.72109,-118.84933,recent,2025,57.7136367451061,33.380000591278055,81.2809096032922,0.9681817835027516,12.97454556551847,6.971363674510611,12.006363782015718,6.109677698558073,27.98000001907349,894.0900056362142,119.08902454614692,0.40499997138977006,13.335000038146974,19.2900009155273,316.989990234375,Water Year
TM2,low,379,39.59255,-121.55072,historic,1965,58.43000039458275,0,108.50000043710074,8.5575000445048,22.177499930063885,15.367499987284342,13.619999885559082,6.296845237642673,31.410000562667847,1302.0000052452087,132.93071210936893,8.65500020980835,24.890000343322754,0,288.5299987792969,Water Year
TM2,low,379,39.59255,-121.55072,historic,1966,70.3600001335144,0,64.75499843216191,8.563333377242088,23.1833332379659,15.873333307603994,14.619999860723814,7.245375376504794,34.91999953985214,777.0599811859429,129.04000043689382,11.305000066757202,17.855000019073486,0.01999999955296516,128.14999389648438,Water Year
TM2,low,379,39.59255,-121.55072,historic,1967,34.99083284536998,0,123.67583089073499,8.796666820844015,22.555833021799724,15.676249921321869,13.75916620095571,7.758669554537104,34.779999017715454,1484.1099706888199,109.44511319579487,7.760000109672546,26.719999313354492,0.36000001430511475,200.02999877929688,Water Year
TM2,low,379,39.59255,-121.55072,historic,1968,66.48833354314169,0,79.255000491937,8.033333346247673,23.360833565394085,15.697083455820879,15.32750021914641,6.3616330655620486,34.68000075221062,951.060005903244,98.04983402664958,6.205000177025795,25.230000495910645,0,241.75,Water Year
TM2,low,379,39.59255,-121.55072,historic,1969,54.50000011920929,8.161666790644327,119.78916722039382,7.924999987085661,21.818333705266316,14.871666846175989,13.893333718180656,7.581160023089155,34.63000136613846,1437.4700066447258,124.91200442634872,5.7550002336502075,24.160000562667847,0.18000000715255737,263.3999938964844,Water Year
TM2,low,379,39.59255,-121.55072,historic,1970,61.78833250204722,0,107.53499813874562,8.62333337465922,23.41000000635783,16.016666690508526,14.786666631698608,6.243693360341187,31.369998931884766,1290.4199776649475,153.78058519226374,8.809999942779541,23.97500006357829,0,517.8499755859375,Water Year
TM2,low,379,39.59255,-121.55072,historic,1971,67.35249948501587,0,86.72833360855778,7.915833433469137,21.855833133061726,14.885833283265432,13.93999969959259,7.027053703277756,33.66999936103821,1040.7400033026934,132.0874264889468,6.0849997997283936,25.894999504089355,0.07999999821186066,315.1600036621094,Water Year
TM2,low,379,39.59255,-121.55072,historic,1972,66.65416638056438,0.3233333428700765,64.66250119855007,8.208333385487398,22.36416681607564,15.28625010078152,14.155833430588245,6.986079060589752,34.4299995303154,775.9500143826008,87.94132176223849,4.97999994456768,25.354999542236328,0,199.02000427246097,Water Year
TM2,low,379,39.59255,-121.55072,historic,1973,57.118333299954735,4.9350000222524,110.59999910369515,8.393333186705908,21.841666618982952,15.117499902844429,13.448333432277044,7.518877736647542,34.82000029087067,1327.1999892443419,115.26714126414873,5.830000162124634,25.44499969482422,0,153.1699981689453,Water Year
TM2,low,379,39.59255,-121.55072,historic,1974,37.4200004140536,0,129.05083134646216,8.760833422342936,22.175832986831665,15.468333204587301,13.414999564488728,7.099346377130278,31.350001096725464,1548.609976157546,113.71190402312286,9.194999933242798,23.849998950958252,0.10999999940395357,224.1499938964844,Water Year
TM2,low,379,39.59255,-121.55072,historic,1975,39.58500011761983,0,94.41583091020584,7.984999984502792,21.329999844233196,14.657499914367994,13.344999859730402,6.965421522301017,30.88999903202057,1132.98997092247,115.40160173786442,7.855000257492065,23.53000020980835,5.940000057220459,122.41000366210938,Water Year
TM2,low,379,39.59255,-121.55072,historic,1976,59.93916726112366,0,34.79083337945243,7.957500095168749,22.446666876475014,15.202083485821882,14.489166781306267,6.342929742323998,32.930000603199005,417.4900005534291,85.34153277812356,9.454999923706055,19.000000476837158,0.05000000074505806,21.709999084472656,Water Year
TM2,low,379,39.59255,-121.55072,historic,1977,63.989166259765625,0,32.682499865690865,8.698333402474722,23.205833196640015,15.952083299557367,14.507499794165293,6.643047080820929,33.16999816894531,392.1899983882904,84.86741743241637,6.230000019073486,24.065000534057617,2.0399999618530273,74.16999816894531,Water Year
TM2,low,379,39.59255,-121.55072,historic,1978,32.350000063578285,0,122.62916631065309,9.633333285649618,22.60249988238017,16.117916584014893,12.96916659673055,6.146747198221592,28.96000051498413,1471.549995727837,109.65462418819727,8.924999952316284,19.579999923706055,5.409999847412109,425.8599853515625,Water Year
TM2,low,379,39.59255,-121.55072,historic,1979,46.550833225250244,0,88.80249779423077,8.10333321367701,21.982500314712524,15.042916764194766,13.879167101035515,7.068913814634275,32.910001531243324,1065.6299735307693,97.81531839557955,7.755000114440918,22.054999828338623,3.140000104904175,55.869998931884766,Water Year
TM2,low,379,39.59255,-121.55072,historic,1980,41.84250052769979,0,97.42249867816766,8.839166661103565,22.339166800181072,15.589166730642319,13.500000139077505,5.921307922147918,30.310001611709595,1169.069984138012,114.06533708741158,10.47000002861023,23.570000648498535,8.920000076293945,294.8800048828125,Water Year
TM2,low,379,39.59255,-121.55072,historic,1981,63.84583330154419,0,80.38416783014934,9.279999931653341,23.343333085378013,16.311666508515675,14.06333315372467,6.461479330307467,30.710001468658447,964.610013961792,103.3341412354968,8.569999933242798,25.072500228881836,0,235.88999938964844,Water Year
TM2,low,379,39.59255,-121.55072,historic,1982,19.834999819596607,0.24833333492279053,146.68583218256634,8.827500050266584,21.30999994277954,15.068749996523062,12.482499892512957,6.394418482265677,31.740000903606415,1760.229986190796,89.37944971767718,12.139999866485596,24.030000686645508,1.2300000190734863,200.6499938964844,Water Year
TM2,low,379,39.59255,-121.55072,historic,1983,20.255832980076473,0,145.29000093539557,8.506666640440622,21.384166717529297,14.94541667898496,12.877500077088675,6.517510517695235,30.269999027252197,1743.4800112247467,99.8315756725617,9.875,24.359999656677246,2.319999933242798,190.19000244140625,Water Year
TM2,low,379,39.59255,-121.55072,historic,1984,61.14749892552694,0,106.39999908286457,8.872500022252401,22.585833152135212,15.729166587193808,13.713333129882813,6.907927200051651,33.30999827384949,1276.7999889943749,137.02702104256755,7.894999980926514,26.679999351501465,0.00999999977648258,442.2999877929687,Water Year
TM2,low,379,39.59255,-121.55072,historic,1985,63.29166595141093,0,64.2066672494014,8.062500059604645,21.86583336194356,14.964166710774103,13.803333302338919,6.992259814559296,33.73000121116638,770.4800069928169,129.4828383089227,9.105000019073486,25.95500087738037,0.6800000071525574,35.0099983215332,Water Year
TM2,low,379,39.59255,-121.55072,historic,1986,50.13416560490926,0,123.86500055839618,8.739166736602783,22.157500346501667,15.448333541552225,13.418333609898886,6.051114815098514,31.98000144958496,1486.3800067007542,117.90908911593117,10.52999997138977,23.74500036239624,0.5,94.94000244140624,Water Year
TM2,low,379,39.59255,-121.55072,historic,1987,59.37999979654948,0,56.91333339114984,8.638333330551783,23.47250000635783,16.055416668454807,14.834166675806046,6.515751979424689,32.66000044345856,682.9600006937981,130.5805684955845,10.395000219345093,23.077500104904175,0,153.1699981689453,Water Year
TM2,low,379,39.59255,-121.55072,historic,1988,59.855000495910645,0,71.81499930222829,8.726666708787283,23.340833346048992,16.033750027418137,14.61416663726171,6.566143269147617,32.99999928474426,861.7799916267395,137.97746951041626,6.9599997997283936,23.21500015258789,0.36000001430511475,329.7699890136719,Water Year
TM2,low,379,39.59255,-121.55072,historic,1989,56.36750030517578,0,104.21833415826161,8.29333328207334,21.96916675567627,15.131250018874804,13.67583347360293,6.503355121489036,32.81000065803528,1250.6200098991394,116.07686988612964,10.830000162124634,24.865000247955322,0,70.58000183105469,Water Year
TM2,low,379,39.59255,-121.55072,historic,1990,59.53916645050049,0,60.867499555150665,8.552500168482462,23.180833498636883,15.866666833559671,14.628333330154419,6.501855529082473,33.51999878883362,730.409994661808,120.07636219022676,7.329999923706055,8.355000138282776,0.2300000041723251,125.79000091552734,Water Year
TM2,low,379,39.59255,-121.55072,historic,1991,58.52416594823202,0,73.14666590405007,8.071666623155275,22.604999780654907,15.338333201905092,14.533333157499632,6.999148941255079,34.93999892473221,877.7599908486009,181.63593699196443,7.6499998569488525,24.16499948501587,0.36000001430511475,51.619998931884766,Water Year
TM2,low,379,39.59255,-121.55072,historic,1992,57.533333381017044,0,75.86916763475165,9.523333370685577,23.65416709582011,16.588750233252842,14.130833725134531,6.539206081566967,33.76000165939331,910.4300116170198,114.54837492566881,10.954999923706055,25.74000072479248,0.01999999955296516,87.79000091552734,Water Year
TM2,low,379,39.59255,-121.55072,historic,1993,28.050833264986675,0,119.6200024286906,8.927499949932098,21.917499780654907,15.422499865293503,12.989999830722809,6.4848827379822875,30.539998292922974,1435.440029144287,117.95182879874532,6.7149999141693115,23.167499542236328,0,276.7900085449219,Water Year
TM2,low,379,39.59255,-121.55072,historic,1994,69.88749933242798,0,59.683333357175194,8.500833431879679,23.102500041325886,15.801666736602783,14.601666609446207,6.503229624129779,32.730000495910645,716.2000002861023,110.0545751003373,7.809999942779541,24.980000495910645,0,162.25,Water Year
TM2,low,379,39.59255,-121.55072,recent,1995,32.06249940395355,0,159.96583222722015,8.455000072717667,21.452499945958454,14.95375000933806,12.99749987324079,6.712161772380633,32.11000120639801,1919.5899867266417,127.29327910458898,8.339999914169312,23.610000371932983,0,238.33999633789065,Water Year
TM2,low,379,39.59255,-121.55072,recent,1996,34.16333365440369,0,111.66583393017451,9.658333341280619,23.380833387374878,16.519583364327747,13.722500046094257,6.312451581643206,31.820000648498535,1339.9900071620941,104.35725795986917,9.379999876022339,25.95500087738037,0.9900000095367432,243.8000030517578,Water Year
TM2,low,379,39.59255,-121.55072,recent,1997,38.112500111262,0,114.23500072956085,9.549166639645895,23.209166685740154,16.379166662693024,13.66000004609426,6.174684540138177,30.199998140335083,1370.8200087547302,146.45193439943625,8.650000095367432,25.13499927520752,4.070000171661377,426.3500061035156,Water Year
TM2,low,379,39.59255,-121.55072,recent,1998,31.459999561309814,0,152.46999997769794,9.387499968210856,21.06500005722046,15.226250012715658,11.677500089009602,6.596171420503007,31.519999504089355,1829.6399997323751,108.42163135888185,8,25.795000076293945,0,492.30999755859375,Water Year
TM2,low,379,39.59255,-121.55072,recent,1999,68.34749921162923,0,87.38499930159499,8.3900000055631,21.676666736602783,15.033333371082941,13.286666731039682,6.805061383216743,30.88000178337097,1048.61999161914,114.07333216216527,7.640000104904175,23.30500078201294,2.2100000381469727,105.31999969482422,Water Year
TM2,low,379,39.59255,-121.55072,recent,2000,60.42666721343994,0,102.3983343442281,9.569166680177053,22.578333377838135,16.073750029007595,13.009166697661083,6.073480444168935,30.31000065803528,1228.7800121307373,124.35008075708642,9.354999780654907,24.072500467300415,0,253.91000366210935,Water Year
TM2,low,379,39.59255,-121.55072,recent,2001,70.73166624704997,0,57.6908325497061,9.40666667620341,23.03499984741211,16.22083326180776,13.6283331712087,7.137024709552441,31.83000111579895,692.2899905964732,117.49691833898915,7.870000243186951,25.145000457763672,0,154.5399932861328,Water Year
TM2,low,379,39.59255,-121.55072,recent,2002,69.33583362897237,0,83.22833221405745,9.34083334604899,22.69166652361552,16.016249934832256,13.350833177566528,6.735461715268744,31.890000581741333,998.7399865686893,130.0771234124939,7.7149999141693115,23.41166623433431,0.07999999821186066,146,Water Year
TM2,low,379,39.59255,-121.55072,recent,2003,54.28000092506409,0,108.90666847132768,9.929166793823242,23.08666666348775,16.5079167286555,13.15749986966451,6.850492234661043,32.1899995803833,1306.880021655932,136.03080259015033,8.599999904632568,24.044999599456787,0.17000000178813934,525.09002685546875,Water Year
TM2,low,379,39.59255,-121.55072,recent,2004,68.02499969800313,0,97.26499843550846,9.619166652361551,22.68416690826416,16.151666780312855,13.065000255902609,6.706279858193128,30.600000858306885,1167.1799812261015,126.1974691311668,8.105000019073486,24.850000381469727,0.00999999977648258,138.0800018310547,Water Year
TM2,low,379,39.59255,-121.55072,recent,2005,42.97499986489614,0,93.14333359400432,9.594166775544485,22.300000429153442,15.947083602348963,12.705833653608957,6.625642498951939,32.11000180244446,1117.7200031280518,87.38355564577566,8.71999979019165,26.947501182556152,0,196.25,Water Year
TM2,low,379,39.59255,-121.55072,recent,2006,52.53250106175741,0,139.80916782841086,9.897499938805899,22.7558335463206,16.326666742563248,12.858333607514698,7.083176262883222,32.6700005531311,1677.7100139409304,123.21988473918884,9.014999866485596,23.535000562667847,0.03999999910593033,349.19000244140625,Water Year
TM2,low,379,39.59255,-121.55072,recent,2007,57.109999656677246,0,73.25583329206954,9.405000110467276,22.84916663169861,16.127083371082943,13.444166521231333,6.4848317828652755,32.67999887466431,879.0699995048344,124.8963369860988,9.579999923706055,25.4399995803833,10.9399995803833,12.59000015258789,Water Year
TM2,low,379,39.59255,-121.55072,recent,2008,70.90083265304565,0,62.68333410037061,9.413333356380463,23.144166707992554,16.278750032186508,13.730833351612091,7.106396681981292,32.14000129699707,752.2000092044473,139.91842495685702,6.539999961853027,23.424999713897705,0.12999999523162842,259.3800048828125,Water Year
TM2,low,379,39.59255,-121.55072,recent,2009,57.05250000953674,0,81.38666708519061,9.65166669090589,22.710833470026653,16.18125008046627,13.059166779120764,6.794414545157613,32.78999936580658,976.6400050222874,106.07468254205024,8.90499997138977,26.114999771118164,0,132.3300018310547,Water Year
TM2,low,379,39.59255,-121.55072,recent,2010,54.69749927520752,0,100.42999896407127,9.175833324591318,21.412499745686848,15.294166535139084,12.23666642109553,6.583170217181328,31.38999915122986,1205.1599875688553,100.09540189061092,8.325000047683716,25.47499942779541,0,144.92999267578125,Water Year
TM2,low,379,39.59255,-121.55072,recent,2011,33.33333353201548,0,122.48583368460338,9.189166764418284,21.245833317438763,15.217500040928522,12.056666553020477,6.655021514356747,30.529998302459717,1469.8300042152405,106.05787980960702,9.364999771118164,24.547499656677246,0,61.029998779296875,Water Year
TM2,low,379,39.59255,-121.55072,recent,2012,60.73250023523966,0,70.93583207158372,9.510000109672546,22.821666717529297,16.16583341360092,13.31166660785675,6.858386384441139,32.90000081062317,851.2299848590046,141.1767003548062,9.600000143051147,24.094999313354492,0.09000000357627869,6.909999847412109,Water Year
TM2,low,379,39.59255,-121.55072,recent,2013,56.68249968687694,0,75.94916738569736,9.81166668732961,22.928333282470703,16.369999984900158,13.116666595141092,6.582889154431291,33.159998416900635,911.3900086283684,158.0877748036959,7.545000076293945,26.674999237060547,0,29.540000915527344,Water Year
TM2,low,379,39.59255,-121.55072,recent,2014,60.19750094413757,0,62.801666590074696,10.735833366711935,24.328333218892414,17.532083292802174,13.592499852180481,6.234392184922363,32.91999816894531,753.6199990808964,151.2019979048687,10.714999914169312,23.235000610351563,0.4099999964237213,12.510000228881836,Water Year
TM2,low,379,39.59255,-121.55072,recent,2015,66.50333340962727,0,62.863332529862724,11.273333311080933,24.225833495457966,17.74958340326945,12.952500184377035,5.888829216279922,28.20000123977661,754.3599903583527,178.26084994598966,10.045000076293945,25.100000381469727,1.5199999809265137,395.4299926757813,Water Year
TM2,low,379,39.59255,-121.55072,recent,2016,65.56583372751872,0,117.03083370206878,10.32333336273829,22.78249994913737,16.552916655937832,12.459166586399078,6.663668237615789,30.78000044822693,1404.3700044248253,119.64132094087402,8.59500002861023,25.612499713897705,0,215.52999877929688,Water Year
TM2,low,379,39.59255,-121.55072,recent,2017,39.87999999523163,0,139.11666555019715,10.686666667461395,23.014999866485596,16.850833266973495,12.3283331990242,7.475661949678911,33.139999866485596,1669.399986602366,120.00132059529179,7.180000185966491,27.585000038146973,0,438.8599853515625,Water Year
TM2,low,379,39.59255,-121.55072,recent,2018,61.317500442266464,0,78.67583283099036,10.23333332935969,23.370832920074463,16.802083124717075,13.137499590714773,6.715755174903191,32.589998722076416,944.1099939718843,138.41300190617488,10.15000033378601,25.34666633605957,0,12.25,Water Year
TM2,low,379,39.59255,-121.55072,recent,2019,41.707499980926514,0,125.97750043869019,10.20666672786077,22.38083330790202,16.293750017881393,12.17416658004125,6.768032170363256,31.029999017715454,1511.7300052642822,118.89306167003588,6.800000071525573,25.795000076293945,0,509.260009765625,Water Year
TM2,low,379,39.59255,-121.55072,recent,2020,68.35916598637898,0,52.450000397861004,11.165000081062317,24.049166440963745,17.60708326101303,12.884166359901428,6.865503714904192,30.089999198913574,629.400004774332,139.5990276000192,9.139999866485596,21.14749985933304,0.41999998688697815,108.61000061035156,Water Year
TM2,low,379,39.59255,-121.55072,recent,2021,70.59666570027669,0,66.41333410640557,10.509999791781107,24.0724999109904,17.291249851385754,13.56250011920929,7.213226682138425,32.529998779296875,796.9600092768669,122.80284406138482,16.480000495910645,27.427499771118164,0,135.7100067138672,Water Year
TM2,low,379,39.59255,-121.55072,recent,2022,59.51500153541565,0,51.85250044862429,10.90666655699412,24.271666844685875,17.589166700839996,13.365000287691755,6.883403421369315,31.85999870300293,622.2300053834915,161.11655225493774,7.510000228881837,24.83333317438762,0,301.8800048828125,Water Year
TM2,low,379,39.59255,-121.55072,recent,2023,56.246667206287384,0,117.5891656493768,9.8516666094462,21.659166653951008,15.755416631698605,11.807500044504808,7.4503592181550164,33.21999979019163,1411.0699877925215,125.96023989531582,8.450000047683705,27.48999977111815,0.0199999995529652,348.160003662109,Water Year
TM2,low,379,39.59255,-121.55072,recent,2024,65.90750052531556,0,83.01750038719423,11.839999993642165,22.915833473205574,17.37791673342387,11.075833479563409,7.086032910189091,30.850000381469737,996.2100046463307,118.68018115477578,8.93499994277953,24.329999923706097,0.0199999995529652,260.720001220703,Water Year
TM2,low,379,39.59255,-121.55072,recent,2025,63.28727282177313,0,107.21363811144091,10.894545598463592,22.069090843200684,16.481818220832135,11.17454524473709,6.877154349785396,28.830000400543234,1179.35001922585,124.82124828388197,10.51000022888182,23.4049997329712,1.26999998092651,309.920013427734,Water Year
WL1,mid,1614,38.78608,-120.2143,historic,1965,54.29250033696492,184.95583788553873,136.05250062545142,2.2124999513228736,15.610833406448364,8.911666678885618,13.39833345512549,6.093844250214364,30.480000734329224,1632.6300075054169,141.73173423925337,2.3549999594688416,18.510000228881836,3.299999952316284,682.33001708984375,Water Year
WL1,mid,1614,38.78608,-120.2143,historic,1966,61.827499548594155,46.16166559855143,66.85750047598655,2.4549999671677747,17.11999972661336,9.787499846890569,14.664999759445589,7.145478589007886,35.6899995803833,802.2900057118386,122.68962257217635,5.269999884068966,20.109999656677246,0,101.01000213623048,Water Year
WL1,mid,1614,38.78608,-120.2143,historic,1967,47.34750032424927,91.5199998219808,142.66833400726318,2.669166634480159,16.129166841506958,9.399166737993559,13.4600002070268,7.146851431503845,34.00999975204468,1712.0200080871582,94.96832139085575,3.1949998140335083,20.085000038146973,8.399999618530273,316.4200134277344,Water Year
WL1,mid,1614,38.78608,-120.2143,historic,1968,58.51999966303507,43.96416664123535,74.80583347876868,2.970833297818899,16.726666887601215,9.848750092710057,13.755833589782318,6.345614167211242,33.43000078201294,897.670001745224,90.482007985429,2.0600000619888306,20.30500030517578,0,147.94000244140625,Water Year
WL1,mid,1614,38.78608,-120.2143,historic,1969,58.643332958221436,257.4141654968262,144.9700017174085,2.308333406535288,15.416666805744171,8.862500106139729,13.108333399208883,7.305483890680028,33.94000005722046,1739.640020608902,126.75273288440648,1.9649999141693115,19.075000286102295,0.7799999713897705,317.760009765625,Water Year
WL1,mid,1614,38.78608,-120.2143,historic,1970,57.594166914621994,80.11333465576172,107.00666531920433,3.07749996582667,16.835833350817364,9.956666658322016,13.758333384990692,6.397615464490903,31.53999972343445,1284.079983830452,140.1989873698075,3.0100001096725464,18.3166667620341,0,521.3599853515625,Water Year
WL1,mid,1614,38.78608,-120.2143,historic,1971,55.04833364486694,117.44583193461101,104.45416675508022,2.1124999821186066,15.363333185513815,8.73791658381621,13.250833203395208,6.794609214379981,33.02999925613403,1253.4500010609627,112.72144665701012,-0.23000001907348633,19.47499990463257,0.8199999928474426,356.95001220703125,Water Year
WL1,mid,1614,38.78608,-120.2143,historic,1972,59.044166803359985,88.50166829427083,82.65416692197323,2.267500028014183,16.237499952316284,9.252499990165234,13.969999924302101,6.797883536795798,35.040000915527344,991.8500030636787,101.94081132721148,-1.315000057220459,19.700000286102295,0,299.57000732421875,Water Year
WL1,mid,1614,38.78608,-120.2143,historic,1973,56.43750015894572,152.87416776021323,111.95083278417587,2.1391666208704314,15.87333341439565,9.006250017633041,13.734166793525219,7.3125263858644916,33.630000591278076,1343.4099934101105,103.68331316303076,0.5850000381469727,19.285000324249268,1.9900000095367432,167.4199981689453,Water Year
WL1,mid,1614,38.78608,-120.2143,historic,1974,53.378333012262985,129.73666636149088,134.66666479905447,2.57333334783713,16.46750013033549,9.52041673908631,13.89416678249836,6.926881622302716,31.490000247955322,1615.9999775886536,95.69493762129225,3.1600000858306885,17.97000026702881,2.2200000286102295,215.80999755859375,Water Year
WL1,mid,1614,38.78608,-120.2143,historic,1975,53.32333358128865,81.90499862035115,115.71166842182478,1.8408334155877433,15.540000001589457,8.6904167085886,13.699166586001715,6.860960909846032,31.09999990463257,1388.5400210618973,96.10958553364573,1.4850000143051147,18.510000228881836,1.909999966621399,331.20001220703125,Water Year
WL1,mid,1614,38.78608,-120.2143,historic,1976,53.45000012715658,1.28166667620341,43.74249939123789,2.1275000174840293,16.620833317438763,9.374166667461395,14.493333299954733,5.889267129323265,31.27999973297119,524.9099926948547,75.08361742599541,2.6549999713897705,14.335000038146973,6.610000133514404,111.29000091552734,Water Year
WL1,mid,1614,38.78608,-120.2143,historic,1977,58.96666653951009,0.940833330154419,38.500833451747894,2.841666723291079,17.81166656812032,10.3266666457057,14.96999984482924,6.555625134416403,33.53999948501587,462.01000142097473,100.30273006602329,6.1999999582767495,19.769999980926514,2.7100000381469727,70.38999938964844,Water Year
WL1,mid,1614,38.78608,-120.2143,historic,1978,56.80833355585734,60.029999335606895,137.5750021363298,3.1850000197688737,16.717499772707622,9.951249896238247,13.532499752938747,5.911180347986469,30.059998989105225,1650.9000256359577,97.806731786393,3.259999990463257,14.014999628067017,0.17000000178813934,208.1000061035156,Water Year
WL1,mid,1614,38.78608,-120.2143,historic,1979,51.64666684468587,98.76749833424886,99.67416798695922,2.1349999457597733,16.065833409627277,9.100416677693525,13.930833463867506,7.195806398786744,32.78000068664551,1196.0900158435106,94.57907670990795,0.9149999618530273,15.885000228881836,12.609999656677246,262.4800109863281,Water Year
WL1,mid,1614,38.78608,-120.2143,historic,1980,55.44666703542074,57.9416659573714,120.5008342564106,2.817500048627456,16.088333249092102,9.452916648859778,13.270833200464645,5.890069164203374,30.179999351501465,1446.0100110769272,120.42697946615908,3.519999921321869,17.850000381469727,26.600000381469727,104.62000274658205,Water Year
WL1,mid,1614,38.78608,-120.2143,historic,1981,62.12416712443034,3.0225000381469727,78.32333241651456,3.6825000254126885,17.870833158493042,10.776666591952866,14.188333133080352,6.41697689833895,32.06999969482422,939.8799889981747,97.93929634854364,5.079999809153377,20.394999980926514,0.09000000357627869,105.48999786376952,Water Year
WL1,mid,1614,38.78608,-120.2143,historic,1982,51.01916654904684,161.69583384195963,190.60333094994226,2.7825000435113907,15.111666560173035,8.947083301842213,12.329166516661644,6.297832449164687,31.729999542236328,2287.2399713993073,78.91963782573234,0.30500006675720215,18.994999885559082,2.5299999713897705,402.94000244140625,Water Year
WL1,mid,1614,38.78608,-120.2143,historic,1983,48.793334007263184,164.48333358764648,158.41500198841095,2.686666657527288,14.906666874885559,8.796666766206423,12.22000021735827,6.426169313069485,28.770000219345093,1900.9800238609314,91.61627349040485,2.7799999713897705,16.47000026702881,21.93000030517578,256.5400085449219,Water Year
WL1,mid,1614,38.78608,-120.2143,historic,1984,53.82333358128866,108.71500142415366,127.94250158468883,3.560833317382882,16.215000073115032,9.887916695248956,12.654166755732149,6.835416978477654,31.800000190734863,1535.3100190162659,127.6027495258841,3.9650002121925354,19.485000133514404,4.860000133514404,377.3900146484375,Water Year
WL1,mid,1614,38.78608,-120.2143,historic,1985,58.996666272481285,36.90416653951009,77.1199997762839,3.150833417971929,16.170000116030376,9.660416767001152,13.019166698058447,7.247940310495018,33.02999973297119,925.4399973154068,121.25572990636512,3.4300000071525574,21.119999885559082,1.3700000047683716,58.0099983215332,Water Year
WL1,mid,1614,38.78608,-120.2143,historic,1986,55.20916700363159,34.51833299795786,142.49416579306126,3.8774999730909863,16.53083332379659,10.204166648443788,12.653333350705603,5.997915403848005,31.049999594688416,1709.929989516735,136.2373673244312,4.000000210478902,20.80999994277954,0.6899999976158142,233.8000030517578,Water Year
WL1,mid,1614,38.78608,-120.2143,historic,1987,63.4800001780192,15.6866668065389,54.51666543011864,4.407500018676122,17.913333376248676,11.1604166974624,13.505833357572556,6.593404638733135,32.12999939918518,654.1999851614237,114.89163725264119,3.214999794960022,20.174999713897705,0.07999999821186066,143.1999969482422,Water Year
WL1,mid,1614,38.78608,-120.2143,historic,1988,63.05249961217245,38.9966672261556,54.347498923540115,4.360833380371332,17.666666587193806,11.013749983782569,13.305833206822475,7.247361979983565,33.360000133514404,652.1699870824814,114.88571873628564,0.559999942779541,20.81999969482422,3.319999933242798,187.1499938964844,Water Year
WL1,mid,1614,38.78608,-120.2143,historic,1989,53.89083353678385,26.295000076293945,111.18750007947285,3.4574999623000617,15.889166990915934,9.673333476607999,12.431667028615871,6.725716093153681,31.850000381469723,1334.2500009536743,97.9301076929901,5.110000230371952,20.365000247955322,0,112.4800033569336,Water Year
WL1,mid,1614,38.78608,-120.2143,historic,1990,52.75750001271566,14.459999720255533,62.68666681585213,3.8408332887726524,17.41749970118205,10.62916649497735,13.576666412409395,6.305968868494739,33.549999713897705,752.2400017902255,92.82211567109917,3.1399998664855957,6.049999952316285,11.109999656677246,129.8300018310547,Water Year
WL1,mid,1614,38.78608,-120.2143,historic,1991,51.695834159851074,28.53583280245463,76.2616659005483,3.607499937216441,16.674166917800903,10.140833427508673,13.066666980584461,6.939641420868894,32.50000047683716,915.1399908065796,154.78617758186212,0.9500000476837158,20.18000030517578,4.639999866485596,46.16999816894531,Water Year
WL1,mid,1614,38.78608,-120.2143,historic,1992,56.48249991734823,2.1050000190734863,64.77500021457672,4.919999957705537,17.833333333333332,11.376666645519435,12.913333375627795,6.271800224874611,30.929999470710754,777.3000025749207,97.34550263338036,4.370000172406435,21.40499973297119,2.2300000190734863,52.22999954223633,Water Year
WL1,mid,1614,38.78608,-120.2143,historic,1993,55.191667238871254,203.1666692097982,125.58833425492048,3.134166700144609,15.849166750907898,9.491666725526253,12.715000050763289,6.5456430407021555,30.759999752044678,1507.0600110590458,115.77677399602187,1.0049999952316284,17.34750008583069,0.1599999964237213,368.8800048828125,Water Year
WL1,mid,1614,38.78608,-120.2143,historic,1994,62.690832773844406,11.050000021855036,57.45083421468735,3.6333334123094874,17.760833263397217,10.697083337853352,14.127499851087729,7.0126004674073785,34.330000162124634,689.4100105762482,104.08772421557897,1.4350000619888306,21.579999923706055,0,216.2100067138672,Water Year
WL1,mid,1614,38.78608,-120.2143,recent,1995,50.681666692097984,191.1816635131836,164.84333031748733,2.920833366612593,15.676666776339212,9.298750071475903,12.75583340972662,6.755274437155806,31.999999046325684,1978.1199638098478,118.5053306180375,3.509999990463257,15.610000252723694,0.17000000178813934,287.3699951171875,Water Year
WL1,mid,1614,38.78608,-120.2143,recent,1996,55.39583317438761,60.63750076293945,135.08333538472652,4.299999967217445,17.31083337465922,10.805416670938333,13.010833407441774,6.321856446625192,30.059999465942383,1621.0000246167183,101.03244763147997,3.91499987244606,21.37999963760376,0.800000011920929,277.489990234375,Water Year
WL1,mid,1614,38.78608,-120.2143,recent,1997,52.91333293914795,114.2533353169759,133.8641631603241,4.17583341896534,17.28583335876465,10.730833388864994,13.109999939799309,6.023551911124878,29.54000055789947,1606.3699579238892,153.0738409315739,3.3399999141693115,19.410000324249268,3.6700000762939458,564.5999755859375,Water Year
WL1,mid,1614,38.78608,-120.2143,recent,1998,46.72916603088379,112.70666678746541,142.74666819969815,3.3066666424274445,15.304999987284342,9.305833314855894,11.998333344856897,6.8711265932797945,32.07999920845032,1712.9600183963776,99.5519597102383,1.1850000619888306,20.15500020980835,3.0399999618530273,453.4800109863281,Water Year
WL1,mid,1614,38.78608,-120.2143,recent,1999,53.97666708628336,57.63000019391378,114.13499879837036,3.1500000208616257,16.5941667954127,9.872083408137163,13.444166774551073,6.712674798792259,30.660000324249268,1369.6199855804443,111.16911631099842,2.0399999618530273,18.100000381469727,5.460000038146973,404.8500061035156,Water Year
WL1,mid,1614,38.78608,-120.2143,recent,2000,53.68833351135254,46.71750005086263,115.05499863935013,4.224999974171321,17.502500017484028,10.863749995827675,13.277500043312708,6.063790481483993,29.550000607967373,1380.6599836722016,113.4568500675898,3.424999922513962,18.519999504089355,0.75,380.8599853515625,Water Year
WL1,mid,1614,38.78608,-120.2143,recent,2001,63.16333405176798,11.822499910990397,59.149166965546705,4.422499919931094,18.12416660785675,11.273333263893923,13.701666687925655,7.275211040031175,33.08999943733215,709.7900035865605,103.89355285075997,1.725000023841858,21.23499965667725,0,181.82000732421875,Water Year
WL1,mid,1614,38.78608,-120.2143,recent,2002,58.987499713897705,51.218332926432296,88.16749866865575,4.132500107089679,17.602500120798748,10.867500113944212,13.470000013709068,6.979238561685716,32.85000014305115,1058.009984023869,111.8896459724392,1.9800000190734863,12.34500002861023,6.619999885559082,120.33999633789063,Water Year
WL1,mid,1614,38.78608,-120.2143,recent,2003,54.98666683832804,27.88249969482422,99.25333446760972,4.820000014578302,18.050833304723103,11.435416659650704,13.230833290144801,7.159511320736672,32.390000343322754,1191.0400136113167,114.37760354562369,2.4600000977516174,17.66499948501587,3.940000057220459,339.0299987792969,Water Year
WL1,mid,1614,38.78608,-120.2143,recent,2004,62.331666469573975,49.245834827423096,91.41916577021281,3.964166631301244,17.302499850591023,10.633333240946135,13.33833321928978,6.809338099577672,31.7599995136261,1097.0299892425537,117.1757323229173,2.820000112056732,20.079999446868896,2.5199999809265137,247.94000244140625,Water Year
WL1,mid,1614,38.78608,-120.2143,recent,2005,53.3100004196167,15.13833318154017,115.74833349386851,3.7150000209609666,16.707499980926514,10.21125000094374,12.992499959965548,6.4848417552417885,31.149999380111698,1388.9800019264221,84.91280436669076,3.7999998331069946,21.90999984741211,0,281.1700134277344,Water Year
WL1,mid,1614,38.78608,-120.2143,recent,2006,59.45499912897746,104.79833221435547,143.69750031580529,4.03750005364418,17.5033331712087,10.77041661242644,13.46583311756452,7.235510130297049,34.63000011444092,1724.3700037896633,116.89980781064003,4.434999823570251,19.414999961853027,0.9399999976158142,327.489990234375,Water Year
WL1,mid,1614,38.78608,-120.2143,recent,2007,63.40666643778483,7.029999732971191,74.5233324766159,4.644999970992406,17.762500286102295,11.20375012854735,13.11750031510989,6.746578615179509,31.899999380111694,894.2799897193909,112.4050325759128,3.960000157356262,21.40000057220459,0.6499999761581421,53.36000061035156,Water Year
WL1,mid,1614,38.78608,-120.2143,recent,2008,63.079999923706055,63.65500005086263,67.27083226510634,4.256666690421601,17.706666747728985,10.981666719075292,13.450000057307383,7.433388901887335,33.10000038146973,807.2499871812761,133.37439295908226,1.5699999332427979,21.50499963760376,0.01999999955296516,145.9499969482422,Water Year
WL1,mid,1614,38.78608,-120.2143,recent,2009,58.410000006357826,10.890833377838135,95.18750011672577,4.427499925096829,17.714166800181072,11.07083336263895,13.286666875084242,6.8660312248927005,32.30999946594238,1142.2500014007092,83.12367694135534,2.834999978542328,21.644999504089355,0.4600000083446502,215.3000030517578,Water Year
WL1,mid,1614,38.78608,-120.2143,recent,2010,56.36416641871134,20.92583318054676,106.68499867276599,3.770833406907817,16.332499980926514,10.051666693917165,12.561666574018696,6.583598185891585,31.0099995136261,1280.2199840731919,83.04068854819218,12.309999704360962,20.90999984741211,0.01999999955296516,178.36000061035156,Water Year
WL1,mid,1614,38.78608,-120.2143,recent,2011,51.50166686375936,70.31416829427083,142.05333264979222,3.836666703224182,15.829166571299236,9.83291663726171,11.992499868075054,6.90164427967261,31.40999984741211,1704.6399917975068,102.0204031198153,3.1399999260902405,20.114999771118164,0,205.9900054931641,Water Year
WL1,mid,1614,38.78608,-120.2143,recent,2012,53.09833288192749,0,70.32250093420346,4.6100000229974585,17.801666895548504,11.20583345927298,13.191666872551044,6.735380112582221,31.77000081539154,843.8700112104416,122.27943271949667,4.030000001192093,4.410000145435333,6.28000020980835,52.189998626708984,Water Year
WL1,mid,1614,38.78608,-120.2143,recent,2013,58.339999516805015,56.649999499320984,80.74166602392991,4.391666670640309,17.210833072662354,10.801249871651331,12.819166402022043,6.815671239275172,32.58000063896179,968.899992287159,135.63124447725698,1.7349998950958252,19.125,1.0700000524520874,396.1499938964844,Water Year
WL1,mid,1614,38.78608,-120.2143,recent,2014,56.289166609446205,4.166666666666667,68.61000138521194,5.505833278099695,18.53749982515971,12.021666551629702,13.031666547060013,6.166367697422772,31.519999265670776,823.3200166225433,128.08617402744503,4.575000107288361,17.104999542236328,8.300000190734863,35.220001220703125,Water Year
WL1,mid,1614,38.78608,-120.2143,recent,2015,58.850834369659424,3.4741665522257485,68.00166708230972,5.9333332901199665,18.46250017484029,12.19791673248013,12.529166884720325,5.698604909746848,27.989999383687977,816.0200049877167,110.96915436480091,3.975000098347664,18.15000009536743,2.430000066757202,235,Water Year
WL1,mid,1614,38.78608,-120.2143,recent,2016,59.81333351135254,69.76749992370605,130.7491662055254,4.524166688323021,16.929999629656475,10.727083158989748,12.405832941333452,6.841832991401689,32.13999938964844,1568.9899944663048,102.0882244474193,10.81999945640564,20.625,0.3199999928474426,273.80999755859375,Water Year
WL1,mid,1614,38.78608,-120.2143,recent,2017,58.201666831970215,235.47167015075684,178.82166791707277,4.819166764616966,16.828333258628845,10.823750011622906,12.009166494011879,7.1871545655072255,32.27999997138977,2145.8600150048733,132.74520936115607,1.2450000047683716,21.914999961853027,0.3499999940395355,721.530029296875,Water Year
WL1,mid,1614,38.78608,-120.2143,recent,2018,60.78083340326945,8.270833333333334,91.73833556969961,5.238333324591319,17.835833231608074,11.537083278099695,12.597499907016754,6.74547839849643,32.179999113082886,1100.8600268363953,143.44506599379935,3.279999852180481,18.668333530426025,1.690000057220459,410.7000122070313,Water Year
WL1,mid,1614,38.78608,-120.2143,recent,2019,55.44833358128866,118.21083068847656,137.93000161647797,4.162500026325384,16.08333323399226,10.122916630158821,11.920833207666874,6.871760233652508,33.33000087738037,1655.1600193977356,115.23604010590752,-1.100000023841858,20.00000023841858,0,535.77001953125,Water Year
WL1,mid,1614,38.78608,-120.2143,recent,2020,61.680000146230064,11.579999923706055,69.27416613201301,5.8374999438722925,18.160833438237507,11.999166691054901,12.323333494365215,7.135653681253591,30.87000000476837,831.289993584156,129.33525334772114,3.4099999368190765,16.68499994277954,2.009999990463257,258.2099914550781,Water Year
WL1,mid,1614,38.78608,-120.2143,recent,2021,64.8766671816508,3.059166669845581,80.84583481385683,5.56416670481364,17.829999844233196,11.697083274523417,12.265833139419556,7.470816067321997,32.010000348091125,970.150017766282,126.10121890738799,10.180000066757202,22.00499963760376,0.02999999932944774,99.5199966430664,Water Year
WL1,mid,1614,38.78608,-120.2143,recent,2022,57.50750048955282,35.947500228881836,75.77166601022084,6.203333338722587,17.58916676044464,11.896250049583614,11.385833421722053,6.824546330707613,29.44999986886978,909.2599921226501,174.48584294123802,3.1349999606609344,21.390000343322754,5.349999904632568,467.989990234375,Water Year
WL1,mid,1614,38.78608,-120.2143,recent,2023,50.58000008265179,383.06083170572873,197.8308300781064,4.198333327968911,14.714166641235364,9.456249984602138,10.515833313266453,7.632153957742194,32.41000056266788,2373.969960937277,120.7163656049117,2.1999998688697797,22.22500038146975,0.00999999977648258,544.719970703125,Water Year
WL1,mid,1614,38.78608,-120.2143,recent,2024,60.83749930063883,46.12499999999997,94.7316670399159,5.922499914964047,16.670000036557518,11.296249975760784,10.747500121593474,7.568123593339965,31.639999032020608,1136.780004478991,113.17672264765305,2.90000009536743,18.63000011444095,1.82000005245209,220.550003051758,Water Year
WL1,mid,1614,38.78608,-120.2143,recent,2025,58.916363282637136,23.260000055486547,114.92636513710029,5.387272672219715,16.173636436462406,10.78045455434106,10.78636376424269,7.0950558427665955,28.08000004291534,1264.190016508103,117.67924063431838,3.7349999547004673,19.44499969482425,4.34000015258789,399.200012207031,Water Year
WL2,high,2020,38.8263,-120.25242,historic,1965,47.237500270207725,420.2858365376791,143.9108350276947,0.2508333940058947,12.94083309173584,6.595833242870867,12.689999697729945,6.033693460415715,29.369998931884766,1726.9300203323364,136.74100941788376,0.08500003814697266,16.149999618530273,11.630000114440918,703.75,Water Year
WL2,high,2020,38.8263,-120.25242,historic,1966,54.99083320299784,111.68916575113933,68.9616651252533,0.5624999006589253,14.507499972979227,7.5349999368190765,13.945000072320301,7.169912882210383,35.250000953674316,827.5399815030396,124.00377807990557,3.159999966621399,10.050000309944153,2.9000000953674316,99.029998779296875,Water Year
WL2,high,2020,38.8263,-120.25242,historic,1967,48.39083321889242,234.63166427612305,147.68083296219507,0.7066665838162102,13.362499992052715,7.0345832879344625,12.655833408236504,6.9885814174514165,32.84999990463257,1772.169995546341,92.72164315434415,0.9449999332427979,17.5,24.969999313354492,315.57000732421875,Water Year
WL2,high,2020,38.8263,-120.25242,historic,1968,51.12999987602234,97.94749959309895,77.86416597167651,1.1291667098800342,13.924166679382324,7.526666694631179,12.79499996950229,6.262707589549673,32.119998931884766,934.3699916601181,86.62764674198492,-0.04499983787536621,17.894999504089355,1.3200000524520874,149.5399932861328,Water Year
WL2,high,2020,38.8263,-120.25242,historic,1969,48.09750016530355,414.8233384291331,150.5358341137568,0.5849999735752741,12.668333292007446,6.62666663279136,12.083333318432173,7.225847888249647,32.670000076293945,1806.4300093650818,124.70025963952993,-0.09500002861022949,16.824999809265137,5.519999980926514,323.1099853515625,Water Year
WL2,high,2020,38.8263,-120.25242,historic,1970,49.69833326339722,211.06833322842917,110.17083276389167,1.247500057021777,13.975833535194397,7.611666796108087,12.72833347817262,6.345074997953044,30.68000078201294,1322.0499931667,138.45936330521928,0.6399998664855957,17.380000591278076,0.00999999977648258,527.44000244140625,Water Year
WL2,high,2020,38.8263,-120.25242,historic,1971,47.43749976158142,205.5700012842814,109.24833293755849,0.2199999764561653,12.600000043710073,6.410000010083119,12.380000067253908,6.702432111010132,32.09000110626221,1310.979995250702,111.99160021740687,-2.4550000429153442,16.985000133514404,7.889999866485596,370.989990234375,Water Year
WL2,high,2020,38.8263,-120.25242,historic,1972,50.84000015258789,137.4058337211609,86.03583401519184,0.48833333452542627,13.429166674613953,6.95875000456969,12.940833340088526,6.75986953939354,34.02999973297119,1032.4300081823021,99.04037210635195,-3.5399999618530273,17.574999809265137,0.00999999977648258,304.2200012207031,Water Year
WL2,high,2020,38.8263,-120.25242,historic,1973,48.13666685422262,283.0266628265381,113.72083421548209,0.31416663527488725,13.232500076293945,6.773333355784416,12.918333441019058,7.2333439897576755,32.3100004196167,1364.650010585785,98.7171386726524,-1.5199998617172241,16.96500015258789,5.900000095367432,174.91000366210938,Water Year
WL2,high,2020,38.8263,-120.25242,historic,1974,47.760833422342934,316.98083623250324,138.2008330821991,0.6508333583672842,13.865833461284637,7.258333409825961,13.215000102917353,6.865959063643017,30.560000896453857,1658.4099969863892,97.72174917913985,1.0850001573562622,15.635000467300415,8.609999656677246,210.2400054931641,Water Year
WL2,high,2020,38.8263,-120.25242,historic,1975,46.76749928792318,196.62500127156576,118.30083386103313,-0.16749992221593857,12.829166809717814,6.3308334437509375,12.996666731933752,6.8265860681575745,30.69999933242798,1419.6100063323975,92.8040798827821,-0.8299999237060547,16.34999990463257,1.9600000381469729,164.05999755859375,Water Year
WL2,high,2020,38.8263,-120.25242,historic,1976,52.50666697820028,9.581666310628256,46.94333263238271,0.33416666587193805,13.93500006198883,7.134583363930385,13.600833396116892,5.769907331975583,30.360000133514404,563.3199915885925,69.10077967116025,0.3450000286102295,11.790000438690186,18.600000381469727,112.12000274658205,Water Year
WL2,high,2020,38.8263,-120.25242,historic,1977,52.66416692733765,13.960000038146973,40.11833337942759,1.0041666052614648,15.03416649500529,8.019166550133377,14.029999889743825,6.536415320532739,32.920000076293945,481.4200005531311,94.66618530914751,3.6350000500679007,17.53499984741211,4.710000038146973,69.88999938964844,Water Year
WL2,high,2020,38.8263,-120.25242,historic,1978,49.63416608174642,195.99000104268393,139.34999924649796,1.134166677792867,13.985000173250834,7.559583425521851,12.850833495457968,5.912707697821324,29.46000051498413,1672.1999909579754,95.83126892763923,0.6399999856948853,11.665000438690186,3.609999895095825,211.88999938964844,Water Year
WL2,high,2020,38.8263,-120.25242,historic,1979,50.98249967892965,170.77999809384346,102.264999533693,0.1916666030883789,13.366666853427887,6.779166728258133,13.175000250339508,7.178127800892247,32.000000953674316,1227.179994404316,90.00553259616053,-1.3199999332427979,15.544999837875366,26.8799991607666,260.2099914550781,Water Year
WL2,high,2020,38.8263,-120.25242,historic,1980,49.271666606267296,175.21666118502617,122.47999835014343,0.9383333623409272,13.273333271344503,7.105833316842715,12.334999909003576,5.853628848177448,29.44999933242798,1469.7599802017212,117.40312067368376,1.2000000476837158,15.589999675750732,25.780000686645508,108.79000091552734,Water Year
WL2,high,2020,38.8263,-120.25242,historic,1981,55.266666412353516,34.27749888102214,77.88916715979576,1.994999962548415,15.071666598320007,8.533333280434212,13.076666635771593,6.376661301049293,31.179998874664307,934.6700059175491,92.93400729158182,2.7050000429153442,18.334999561309814,0.8500000238418579,110.19000244140624,Water Year
WL2,high,2020,38.8263,-120.25242,historic,1982,47.37083307902018,329.4958305358887,190.01666454474133,0.9533333828051886,12.35833348830541,6.655833435555299,11.405000105500221,6.219201244732012,30.490000247955322,2280.1999745368958,75.9811689059629,3.999999910593033,15.895000457763672,10.199999809265137,365.3900146484375,Water Year
WL2,high,2020,38.8263,-120.25242,historic,1983,47.15583348274231,384.8341700236003,159.25499947865805,0.8033333122730255,12.117499907811483,6.460416610042254,11.314166595538458,6.280791233906575,27.25,1911.0599937438965,87.99962742718456,0.3799999952316284,14.170000076293945,33.2599983215332,261.4700012207031,Water Year
WL2,high,2020,38.8263,-120.25242,historic,1984,48.56916626294454,331.7566630045573,132.77667113145193,1.5524999996026356,13.348333100477856,7.450416550040245,11.79583310087522,6.802161811993663,31.029999256134033,1593.320053577423,124.76820565808345,1.809999942779541,17.05500030517578,15.960000038146973,197.9600067138672,Water Year
WL2,high,2020,38.8263,-120.25242,historic,1985,52.302499532699585,132.60833104451496,80.31499965985617,1.4683333337306976,13.506666580835978,7.487499957283338,12.03833324710528,7.292745213107421,31.809999465942383,963.7799959182739,120.45900246118362,1.4049999713897705,9.325000166893005,7.420000076293945,58.97999954223633,Water Year
WL2,high,2020,38.8263,-120.25242,historic,1986,51.83916632334391,170.24249776204428,141.61500074962774,2.2333333448817334,13.890833298365274,8.062083321623504,11.657499953483542,5.955352169264543,29.619999647140503,1699.380008995533,132.67603002132492,1.7599998712539673,18.794999599456787,0.8199999928474426,240.4199981689453,Water Year
WL2,high,2020,38.8263,-120.25242,historic,1987,56.035832246144615,48.32416661580403,54.72749862074852,2.7408333445588746,15.3125,9.026666672279438,12.571666655441126,6.715069301013962,31.570000648498535,656.7299834489822,111.83730390093751,0.8250000476837158,18.445000648498535,0.36000001430511475,146.50999450683594,Water Year
WL2,high,2020,38.8263,-120.25242,historic,1988,55.38583326339722,76.29166666666667,56.039167096217476,2.5416666958481073,15.207500040531158,8.874583368189633,12.665833344683051,7.238370104395176,32.65999984741211,672.4700051546097,115.08127496541175,-1.6249998807907104,13.914999961853027,6.71999979019165,198.9199981689453,Water Year
WL2,high,2020,38.8263,-120.25242,historic,1989,51.55749980608622,113.83249759674072,116.94416570663452,1.60083332657814,13.414166529973349,7.507499928275744,11.813333203395208,6.758536736692906,31.309999465942386,1403.3299884796143,95.17697896023267,3.044999897480011,18.40499973297119,0,120.30999755859376,Water Year
WL2,high,2020,38.8263,-120.25242,historic,1990,52.239166577657066,37.18583297729492,66.35333371162415,2.0816666980584464,14.964166522026062,8.522916610042254,12.882499823967615,6.334430679656801,33.34000015258789,796.2400045394897,85.09996293541366,1.0699999332427979,4.329999804496765,16.81999969482422,137.8800048828125,Water Year
WL2,high,2020,38.8263,-120.25242,historic,1991,51.799999952316284,65.75166789690654,80.6041665871938,1.7200000062584875,14.052499989668528,7.886249997963508,12.33249998341004,6.887274508238875,31.740000247955322,967.2499990463257,150.9166996224549,-1.3749998807907104,16.494999885559082,15.09000015258789,457.30999755859375,Water Year
WL2,high,2020,38.8263,-120.25242,historic,1992,53.050833781560264,16.33916648228963,69.37250010172527,3.034999971588453,15.21499995390574,9.124999962747097,12.17999998231729,6.095972571916742,29.3100004196167,832.4700012207031,86.94425553491942,2.200000047683716,15.179999589920044,15.43000030517578,71.94000244140625,Water Year
WL2,high,2020,38.8263,-120.25242,historic,1993,49.1833328406016,344.15166727701825,125.41416583908722,1.0700000027815502,13.230833450953165,7.150416726867358,12.160833448171616,6.578908730409159,30.130001068115234,1504.9699900690466,114.60604173944061,-1.4450000524520874,15.394999980926514,0.3199999928474426,380.7999877929687,Water Year
WL2,high,2020,38.8263,-120.25242,historic,1994,55.594999710718795,47.918334007263184,58.48000011593104,1.8383333086967468,14.957499941190084,8.397916624943415,13.119166632493338,7.070999694233806,33.77999925613403,701.7600013911724,102.89737119266454,-0.9649999141693115,19.56999969482422,0.2199999988079071,220.3999938964844,Water Year
WL2,high,2020,38.8263,-120.25242,recent,1995,48.90333286921183,445.05583508809406,164.3549998650948,1.0241666436195374,13.118333478768667,7.071250061194102,12.09416683514913,6.765875694547647,30.889999389648438,1972.2599983811378,117.2174223856151,1.2350000143051147,13.480000257492065,0.4300000071525574,300.6300048828125,Water Year
WL2,high,2020,38.8263,-120.25242,recent,1996,53.438333352406815,174.65916315714517,138.09416778882346,2.447499990463257,14.789999842643738,8.618749916553497,12.342499852180481,6.3560343862010145,29.600000619888302,1657.1300134658813,98.82544103536355,1.7799999713897705,19.355000495910645,4.650000095367432,280.7200012207031,Water Year
WL2,high,2020,38.8263,-120.25242,recent,1997,50.4358332157135,262.56666310628253,139.52416465679804,2.208333298563957,14.550833543141682,8.37958342085282,12.342500244577725,6.053180450309618,29.170000553131104,1674.2899758815765,148.9563212252611,1.0550000667572021,17.480000019073486,2.759999990463257,572.3599853515625,Water Year
WL2,high,2020,38.8263,-120.25242,recent,1998,47.994999408721924,265.45166206359863,141.8208324511846,1.2183333088954291,12.724166552225748,6.971249930560589,11.50583324333032,6.925715205943637,31.59999942779541,1701.849989414215,96.50054976541202,-1.1400001049041748,18.6899995803833,5.099999904632568,444.3399963378906,Water Year
WL2,high,2020,38.8263,-120.25242,recent,1999,51.29499975840251,173.09833319981894,115.81750007470448,1.209999958674113,13.920833269755045,7.565416614214579,12.710833311080933,6.753440311292491,30.239999294281006,1389.8100008964539,105.55419855240534,-0.2200000286102295,15.71999979019165,6.599999904632568,391.1199951171875,Water Year
WL2,high,2020,38.8263,-120.25242,recent,2000,53.47666692733765,109.7408332824707,111.32916764728725,2.3933333915968737,14.945833245913187,8.66958331875503,12.552499854316315,6.158705401738303,28.910000562667847,1335.950011767447,111.56564371076576,1.0850000381469727,16.674999713897705,6.059999942779541,368.239990234375,Water Year
WL2,high,2020,38.8263,-120.25242,recent,2001,60.266667207082115,38.282499472300216,59.27750014017026,2.5074999928474426,15.474999864896137,8.99124992887179,12.967499872048695,7.492811187438894,33.14000082015991,711.3300016820431,101.4729819740864,-0.8500001430511475,19.53000020980835,0.1599999964237213,178.27000427246094,Water Year
WL2,high,2020,38.8263,-120.25242,recent,2002,54.76583393414815,128.0558344523112,89.28666836271684,2.2041667650143304,14.938333352406818,8.571250058710575,12.734166587392489,7.114601253893687,32.77000045776367,1071.440020352602,110.46812524741908,-0.28999996185302734,15.134999990463257,16.75,123.86000061035156,Water Year
WL2,high,2020,38.8263,-120.25242,recent,2003,54.50499979654948,112.9816665649414,101.8816668689251,3.0458333926896253,15.214166641235352,9.130000016962489,12.168333248545725,7.2529876118651915,31.690000534057617,1222.5800024271011,109.38701218750754,0.18500006198883057,15.46500015258789,13.90999984741211,339.2799987792969,Water Year
WL2,high,2020,38.8263,-120.25242,recent,2004,53.65916681289673,135.98999961217245,94.80166588226955,2.2166666885217032,14.321666717529297,8.2691667030255,12.105000029007593,6.84220856577158,31.010000228881836,1137.6199905872345,113.23814935157078,0.6799999475479126,17.614999771118164,3.900000095367432,244.5099945068359,Water Year
WL2,high,2020,38.8263,-120.25242,recent,2005,50.0483333269755,91.05333201090495,114.73583189801623,2.0449999968210855,13.9074999888738,7.976249992847443,11.862499992052713,6.54207536124843,30.160000324249268,1376.8299827761948,83.68260463293467,1.5699999332427979,20.035000324249268,0.01999999955296516,279.6499938964844,Water Year
WL2,high,2020,38.8263,-120.25242,recent,2006,50.52250019709269,246.89666366577148,142.92083332935968,2.3958332439263663,14.618333558241526,8.507083401083946,12.22250031431516,7.267089715154117,33.57000017166138,1715.0499999523163,115.34413249095681,2.3249999284744263,17.360000133514404,3.0299999713897705,312.30999755859375,Water Year
WL2,high,2020,38.8263,-120.25242,recent,2007,57.59333395957947,38.329166412353516,73.97916741172473,2.9324999575813613,15.044166723887125,8.988333340734243,12.111666766305765,6.75707307712965,31.489999294281006,887.7500089406967,108.81596491639591,1.7950000762939453,19.84999942779541,0.6100000143051147,52.380001068115234,Water Year
WL2,high,2020,38.8263,-120.25242,recent,2008,56.352499882380165,138.15249760945636,67.55916624081631,2.520000010728836,14.893333494663239,8.706666752696037,12.373333483934402,7.4823804094042154,32.079999923706055,810.7099948897958,133.72973698663048,-0.7699999809265137,14.550000190734863,0.8600000143051147,288.2099914550781,Water Year
WL2,high,2020,38.8263,-120.25242,recent,2009,54.05749980608622,65.70916557312012,96.73833248515923,2.7416666646798453,14.884999950726828,8.813333307703337,12.143333286046982,6.863429127792656,30.749999523162845,1160.8599898219109,80.44509993640989,2.1100000143051147,19.524999618530273,0.9300000071525574,207.02000427246097,Water Year
WL2,high,2020,38.8263,-120.25242,recent,2010,52.92916671435038,96.42250061035156,105.67750104268391,1.9950000578537581,13.620833277702332,7.807916667778045,11.625833219848573,6.655750514728814,30.309999465942386,1268.130012512207,82.55587201369933,9.880000114440918,15.415000438690186,2.0999999046325684,172.63999938964844,Water Year
WL2,high,2020,38.8263,-120.25242,recent,2011,49.153333028157554,210.09333403905234,140.22583243064582,1.953333346794049,13.268333395322164,7.610833371058106,11.315000048528114,6.895734465995759,30.979999542236328,1682.7099891677499,99.81746362821346,0.9550000429153442,18.02999973297119,0.10000000149011612,208.07000732421875,Water Year
WL2,high,2020,38.8263,-120.25242,recent,2012,56.86916708946228,13.258333683013916,68.40583348274231,2.9833333293596906,15.153333067893982,9.068333198626837,12.169999738534292,6.857695019026592,31.0799994468689,820.8700017929077,119.90253297908545,1.9750001430511475,2.0449999570846558,13.140000343322754,50.77000045776367,Water Year
WL2,high,2020,38.8263,-120.25242,recent,2013,52.77833374341329,119.13249969482422,80.26083207130432,2.6383333516617617,14.596666733423868,8.617500042542815,11.958333381762108,6.855561039746929,31.71000051498413,963.1299848556519,135.04035098377477,-0.5,17.170000553131104,5.659999847412109,396.989990234375,Water Year
WL2,high,2020,38.8263,-120.25242,recent,2014,57.662499586741134,16.081666946411133,70.04500027497609,3.707500005761782,15.835833549499512,9.771666777630648,12.12833354373773,6.207077541295791,30.700000762939453,840.5400032997131,116.6150255536114,2.4850001335144043,14.9350004196167,18.43000030517578,42.16999816894531,Water Year
WL2,high,2020,38.8263,-120.25242,recent,2015,54.196667194366455,16.16416660944621,68.57333215077718,4.246666681021452,15.864166975021362,10.055416828021407,11.61750029399991,5.739311012810389,27.24000084400177,822.8799858093262,102.33390323285948,1.894999921321869,18.480000495910645,3.4700000286102295,218.92999267578125,Water Year
WL2,high,2020,38.8263,-120.25242,recent,2016,55.41583331425985,153.30083513259888,128.8200013935566,2.834999998410543,14.395833472410837,8.61541673541069,11.560833474000296,6.942119028834583,31.3700008392334,1545.8400167226791,100.00191499595253,8.789999723434448,18.740000247955322,2.4800000190734863,269.42999267578125,Water Year
WL2,high,2020,38.8263,-120.25242,recent,2017,50.36833357810974,436.40916951497394,178.48166741927466,2.9541665737827616,14.254166662693024,8.604166618237892,11.300000088910261,7.154942574643658,31.5,2141.780009031296,130.55799978487056,-0.8300000429153442,19.884999752044678,1.0499999523162842,722.09002685546875,Water Year
WL2,high,2020,38.8263,-120.25242,recent,2018,58.21333408355713,24.179999510447185,91.70166768164685,3.5625000447034836,15.286666870117188,9.424583457410336,11.724166825413704,6.897494516482091,31.800000667572018,1100.4200121797621,141.0372929449732,0.9100000858306885,16.12000036239624,5.28000020980835,405.4500122070313,Water Year
WL2,high,2020,38.8263,-120.25242,recent,2019,50.053333600362144,191.17250029246011,132.75416745307544,2.265000040332476,13.515833457310993,7.890416748821735,11.250833416978518,6.910704378214263,32.69000005722046,1593.0500094369054,115.69449567619277,-3.174999952316284,18.47000026702881,0.07000000029802322,520.1400146484375,Water Year
WL2,high,2020,38.8263,-120.25242,recent,2020,56.04416640599568,64.44833246866862,68.95416552387178,3.832500052948793,15.479166547457377,9.655833300203085,11.646666494508585,7.089664000715447,30.230000734329224,827.4499862864614,126.8515150813942,1.3149999380111694,14.244999647140505,4.039999961853027,216.22999572753903,Water Year
WL2,high,2020,38.8263,-120.25242,recent,2021,61.435833772023514,28.022499998410545,82.88083439320326,3.563333311428626,15.094166556994121,9.328749934211373,11.530833245565494,7.464344568151222,31.299999475479126,994.5700127184391,126.2515361429408,8.074999928474426,19.50499963760376,5.800000190734863,93.2699966430664,Water Year
WL2,high,2020,38.8263,-120.25242,recent,2022,56.5033339659373,87.71583302815755,78.3391667016161,4.202500060200691,15.015833298365276,9.609166679282984,10.813333238164585,6.712758461397228,28.570000410079956,940.0700004193932,172.39703201059436,1.4550000429153442,19.22000026702881,10.15999984741211,481.5,Water Year
WL2,high,2020,38.8263,-120.25242,recent,2023,47.75999975204467,732.8108402887968,206.7508304722917,1.8483333885669733,12.169999976952871,7.009166682759922,10.321666588385897,7.588757704484159,32.10999917984004,2481.0099656675006,119.84302999758152,0.17499995231628507,19.6749997138977,0.00999999977648258,572.789978027344,Water Year
WL2,high,2020,38.8263,-120.25242,recent,2024,55.433333873748836,139.90166417757666,99.85166817406812,3.6966667423645694,14.149166703224187,8.922916722794378,10.452499960859617,7.615555109151615,31.340000152587848,1198.2200180888174,110.28144811608352,0.36500000953674494,16.5,5.3600001335144,226.470001220703,Water Year
WL2,high,2020,38.8263,-120.25242,recent,2025,52.69090912558813,126.07999836314818,121.23999764702536,3.1918181370605128,13.771818117661912,8.481818127361214,10.5799999806014,7.155954467866217,27.81999969482425,1333.6399741172788,115.12180461908132,1.37000000476837,15.814999580383285,13.9899997711182,410.589996337891,Water Year
WL3,high,2138,38.83528,-120.23824,historic,1965,41.08666658401489,486.0925102233887,145.22999993960062,-0.3266666928927104,12.224166631698608,5.948749969402949,12.550833324591318,6.0307842627948,29.179999828338623,1742.7599992752075,135.3393560733441,-0.5450000762939453,15.50499963760376,14.300000190734863,705.07000732421875,Water Year
WL3,high,2138,38.83528,-120.23824,historic,1966,54.43416674931844,136.4991658528646,68.99749876294906,-5.9604644627659046e-8,13.805833299954733,6.902916620175044,13.805833359559378,7.188693854179876,35.230000495910645,827.9699851553887,124.58818237101983,2.5649999380111694,9.4299995303154,3.869999885559082,97.089996337890625,Water Year
WL3,high,2138,38.83528,-120.23824,historic,1967,36.690000216166176,283.82749605178833,148.2508324086666,0.13249995807806636,12.621666550636292,6.377083254357179,12.489166592558226,6.9586552252214435,32.60999917984009,1779.0099889039993,91.94089703263974,0.2949998378753662,16.80999994277954,30.299999237060547,312.8399963378906,Water Year
WL3,high,2138,38.83528,-120.23824,historic,1968,50.959999879201256,112.39833196004231,78.13499904672305,0.5816667129596075,13.167500078678131,6.87458339581887,12.585833365718523,6.258757366140085,31.87000036239624,937.6199885606766,85.26310373438929,-0.684999942779541,17.24500036239624,1.840000033378601,148.8800048828125,Water Year
WL3,high,2138,38.83528,-120.23824,historic,1969,49.92916695276896,464.9116681416829,150.89499870936075,0.0691667099793752,11.92083358267943,5.995000146329403,11.851666872700056,7.218468223395584,32.47000074386597,1810.739984512329,123.94898512286076,-0.6949999332427979,16.200000524520874,6.949999809265137,320.55999755859375,Water Year
WL3,high,2138,38.83528,-120.23824,historic,1970,49.4800001780192,257.197504679362,109.98249765811488,0.6850000719229382,13.196666518847147,6.940833295385043,12.51166644692421,6.342218829815959,30.529999256134033,1319.7899718973786,137.7255644023368,-0.04999995231628418,16.774999618530273,0.00999999977648258,522.8499755859375,Water Year
WL3,high,2138,38.83528,-120.23824,historic,1971,38.88666661580404,243.46999994913736,109.70583303769429,-0.338333338499069,11.848333358764648,5.75500001013279,12.186666697263718,6.695165220634849,31.94000005722046,1316.4699964523315,111.7217317606027,-3.1100001335144043,16.3100004196167,10.399999618530272,371.80999755859375,Water Year
WL3,high,2138,38.83528,-120.23824,historic,1972,50.74000024795532,154.78083260854086,86.06916854856536,-0.03916667401790619,12.665833418567976,6.313333372275035,12.705000092585882,6.767971764347467,33.82999897003174,1032.8300225827843,98.66766325527861,-4.17999991774559,16.984999656677246,0.00999999977648258,303.95001220703125,Water Year
WL3,high,2138,38.83528,-120.23824,historic,1973,46.69500017166138,310.6541665395101,113.40333338578542,-0.22999993960062662,12.506666739781698,6.138333400090535,12.736666679382324,7.230865748593808,32.05000019073486,1360.840000629425,97.15103800160725,-2.1399999856948853,16.325000286102295,7.139999866485596,175.72999572753906,Water Year
WL3,high,2138,38.83528,-120.23824,historic,1974,41.25166646639506,369.96416727701825,137.67083446184793,0.08166657884915667,13.150833209355673,6.616249894102414,13.069166630506516,6.857601886295905,30.350000381469727,1652.0500135421753,98.28615792378592,0.5199998617172239,14.96500015258789,10.789999961853027,206.05999755859375,Water Year
WL3,high,2138,38.83528,-120.23824,historic,1975,44.69333283106486,226.8466625213623,117.88916550079982,-0.7674999677886566,12.078333298365274,5.6554166652883096,12.845833266153932,6.834832403692844,30.65000057220459,1414.6699860095978,91.52084115134774,-1.5049999952316284,15.750000476837158,1.950000047683716,162.42999267578125,Water Year
WL3,high,2138,38.83528,-120.23824,historic,1976,44.88416608174642,13.210833231608072,47.53250050544739,-0.2141666611035665,13.200833479563395,6.493333409229915,13.415000140666962,5.755749899291799,30.20000076293945,570.3900060653687,67.63787504801182,-0.309999942779541,11.095000267028809,21.969999313354492,110.5500030517578,Water Year
WL3,high,2138,38.83528,-120.23824,historic,1977,52.522499879201256,19.493333498636883,40.212499499320984,0.43083340177933377,14.270833373069763,7.350833387424548,13.839999971290428,6.562367515835991,32.84999942779541,482.5499939918518,93.31109791832024,2.9300001859664917,16.929999828338623,5.400000095367432,69.0199966430664,Water Year
WL3,high,2138,38.83528,-120.23824,historic,1978,47.318333864212036,241.23416900634766,138.4916667342186,0.5191666558384895,13.237500031789144,6.878333343813817,12.718333375950655,5.920461121352465,29.390000343322754,1661.9000008106232,95.1301375262621,-0.125,10.964999794960022,4.639999866485596,210.0800018310547,Water Year
WL3,high,2138,38.83528,-120.23824,historic,1979,40.61166715621948,191.2908320426941,102.13499877850215,-0.394166757663091,12.623333394527435,6.114583318432172,13.017500152190525,7.18771606720245,31.880000114440918,1225.6199853420258,88.40673196224368,-1.9500000476837158,14.884999990463257,31.239999771118164,256.80999755859375,Water Year
WL3,high,2138,38.83528,-120.23824,historic,1980,47.8974994023641,230.61417229970297,121.8508347471555,0.3725000321865082,12.491666634877523,6.432083333532016,12.119166602691015,5.859103365166053,29.31999969482422,1462.210016965866,116.31635463310135,0.5100001096725464,14.959999561309814,25.469999313354492,108.98999786376952,Water Year
WL3,high,2138,38.83528,-120.23824,historic,1981,55.423333962758385,44.32500012715658,76.9491670926412,1.4824999884391825,14.31250007947286,7.897500033956021,12.830000091033677,6.387252087872491,31.050000190734863,923.3900051116943,91.42921261920844,2.0000001192092896,17.765000343322754,1.2200000286102295,109.27999877929688,Water Year
WL3,high,2138,38.83528,-120.23824,historic,1982,36.5016667842865,376.8499933878581,187.86000172297162,0.42250003914038337,11.617500046888987,6.020000043014686,11.195000007748604,6.216720169684468,30.300000190734863,2254.320020675659,75.11305769599996,3.400000125169754,15.28000020980835,12.920000076293944,350.75,Water Year
WL3,high,2138,38.83528,-120.23824,historic,1983,41.9308336575826,447.3024959564209,157.60750063260397,0.2650000850359599,11.359166900316874,5.812083492676417,11.094166815280914,6.2511081650231475,26.890000343322754,1891.2900075912476,87.04289914584116,-0.27999997138977073,13.550000429153442,37.369998931884766,260.7300109863281,Water Year
WL3,high,2138,38.83528,-120.23824,historic,1984,43.38833347956339,385.11416371663415,132.91499825318652,0.9758332626273233,12.572499950726828,6.774166606677075,11.596666688099504,6.795967327080604,30.860000610351563,1594.9799790382385,124.22591582246595,1.2149999141693115,16.394999504089355,19.079999923706055,193.8699951171875,Water Year
WL3,high,2138,38.83528,-120.23824,historic,1985,51.839166800181076,164.05750274658203,80.36416780948639,0.9666666537523271,12.786666651566824,6.876666652659575,11.819999997814497,7.320523238600455,31.55999994277954,964.3700137138367,120.44700371870225,0.8399999141693115,16.179999828338623,8.760000228881836,58.689998626708984,Water Year
WL3,high,2138,38.83528,-120.23824,historic,1986,46.84333372116089,209.14249928792316,139.84083194533983,1.7583333949247997,13.175833225250244,7.4670833100875225,11.417499830325445,5.9556667877120955,29.290000915527344,1678.089983344078,131.25453561841186,1.1399999856948853,18.255000591278076,0.8600000143051147,240.41000366210935,Water Year
WL3,high,2138,38.83528,-120.23824,historic,1987,57.01333347956339,55.179999033610024,54.125000389913716,2.2475000520547233,14.605833431084951,8.426666741569838,12.358333379030228,6.750571864893512,31.470000743865967,649.5000046789646,111.08299554278146,0.16000008583068848,17.955000400543213,0.4000000059604645,146.11000061035156,Water Year
WL3,high,2138,38.83528,-120.23824,historic,1988,56.74916712443034,80.888336181640625,55.89166706800461,2.0041667173306146,14.553333352009455,8.278750034670034,12.54916663467884,7.24265562676055,32.52999973297119,670.7000048160553,115.08730261839547,-2.230000078678131,13.315000295639038,7.510000228881836,200.19000244140625,Water Year
WL3,high,2138,38.83528,-120.23824,historic,1989,43.77416658401489,145.16000048319498,117.6641656557719,1.059999977548917,12.751666843891144,6.90583341072003,11.691666866342226,6.776426722848319,31.24000072479248,1411.9699878692627,94.18554178528898,2.4800000190734863,17.87000036239624,0,120.41000366210938,Water Year
WL3,high,2138,38.83528,-120.23824,historic,1990,43.45916620890299,41.89666620890299,66.88833349943161,1.5416666604578495,14.304166873296102,7.922916766876976,12.762500212838253,6.356687758953546,33.40000057220459,802.6600019931793,82.78503410544819,0.4650001525878906,3.805000066757202,18.479999542236328,138.5500030517578,Water Year
WL3,high,2138,38.83528,-120.23824,historic,1991,42.93416698773702,69.61249991257985,81.17166487375896,1.141666700442632,13.337500115235647,7.23958340783914,12.195833414793015,6.875435736910057,31.62000036239624,974.0599784851074,149.5156006345829,-2.03000009059906,15.78000020980835,18.440000534057617,457.3599853515625,Water Year
WL3,high,2138,38.83528,-120.23824,historic,1992,44.75499947865804,25.818333784739178,70.0950014591217,2.4616666634877524,14.49750014146169,8.479583402474722,12.035833477973938,6.059594048372669,29.070001125335693,841.1400175094604,83.63943656619016,1.5750000476837158,14.550000190734863,19.010000228881836,71.01000213623047,Water Year
WL3,high,2138,38.83528,-120.23824,historic,1993,47.25583378473918,350.20083109537757,124.3166664772046,0.4574999709924062,12.51583335796992,6.486666664481163,12.058333386977514,6.592487226965342,30.0600004196167,1491.7999977264553,114.2748339860154,-2.1649999618530273,14.78999948501587,0.3400000035762787,382.4100036621094,Water Year
WL3,high,2138,38.83528,-120.23824,historic,1994,56.00249989827474,56.70000076293945,58.08916672319174,1.2841666092475255,14.191666523615519,7.737916566431522,12.907499914367994,7.079036597147408,33.679999351501465,697.0700006783009,102.2349255604467,-1.6299998760223389,18.959999561309814,0.3499999940395355,218.16000366210935,Water Year
WL3,high,2138,38.83528,-120.23824,recent,1995,40.90999976793925,501.3199984232585,162.83666411042213,0.4533332673211892,12.419166624546051,6.43624994593362,11.965833357224861,6.765506107650678,30.630000114440918,1954.0399693250656,116.9151939097841,0.5949997901916504,12.862500011920929,0.5,303.260009765625,Water Year
WL3,high,2138,38.83528,-120.23824,recent,1996,43.70416704813639,211.14249865214032,137.94333235422772,1.8775000075499217,14.108333388964336,7.992916698257129,12.230833381414413,6.359114174704035,29.539999485015873,1655.3199882507324,98.14512501985075,1.1700000762939453,18.764999866485596,5.650000095367432,279.69000244140625,Water Year
WL3,high,2138,38.83528,-120.23824,recent,1997,46.18583393096924,307.88333018620807,139.89583579699197,1.6166666845480602,13.800000031789144,7.708333358168602,12.183333347241083,6.062872990217502,29.09999942779541,1678.7500295639038,147.66855261183827,0.3900001049041748,16.90999984741211,2.369999885559082,568.96002197265625,Water Year
WL3,high,2138,38.83528,-120.23824,recent,1998,34.37749973932902,289.9816703796387,139.90833429495493,0.6108332475026447,12.027500251928965,6.319166749715805,11.416667004426321,6.94254504825245,31.53000020980835,1678.9000115394592,95.49554582740109,-1.7949999570846558,18.079999923706055,5.909999847412109,436.7900085449219,Water Year
WL3,high,2138,38.83528,-120.23824,recent,1999,48.62583303451538,220.97666867574057,115.33916811148326,0.6191666374603907,13.194999972979227,6.9070833052198095,12.575833335518837,6.762098431390472,30.160000324249268,1384.070017337799,103.81952593057922,-0.8550000190734863,15.039999723434448,7.170000076293945,382.7300109863281,Water Year
WL3,high,2138,38.83528,-120.23824,recent,2000,46.87916739781698,127.8216667175293,109.07916651573032,1.835833340883255,14.254166642824808,8.044999991854032,12.418333301941553,6.1812325668122,28.850000143051147,1308.9499981887639,110.74781571930579,0.41999995708465576,16.130000114440918,7.900000095367432,361.739990234375,Water Year
WL3,high,2138,38.83528,-120.23824,recent,2001,55.425832748413086,49.29500071207682,58.67416717732946,1.9149999618530273,14.747500002384186,8.331249982118607,12.832500040531158,7.54933656846766,33.19000005722046,704.0900061279535,100.64135716229751,-1.5700000524520874,19.019999980926514,0.20999999344348907,174.61000061035156,Water Year
WL3,high,2138,38.83528,-120.23824,recent,2002,51.47666629155477,147.55583318074545,88.8700006864965,1.6108333518107731,14.197500189145405,7.904166770478089,12.586666837334633,7.144351250247764,32.80000066757202,1066.440008237958,110.13950955899718,-0.9199999570846558,14.484999895095825,20.5,122.8000030517578,Water Year
WL3,high,2138,38.83528,-120.23824,recent,2003,41.75333309173584,138.0799992879232,102.06416630744934,2.5025000597039857,14.428333322207132,8.465416690955559,11.925833262503147,7.2668792634310355,31.519999504089355,1224.769995689392,107.99448877632194,-0.44499993324279763,12.849999904632568,17.09000015258789,337.6499938964844,Water Year
WL3,high,2138,38.83528,-120.23824,recent,2004,55.15083249409994,170.63666534423828,95.02583368122578,1.6833333844939868,13.504166960716248,7.593750172605117,11.82083357622226,6.842698997302195,30.820000648498535,1140.3100041747093,112.1435531594286,0.07999992370605469,16.915000438690186,4.070000171661377,240.41000366210935,Water Year
WL3,high,2138,38.83528,-120.23824,recent,2005,44.41416708628336,116.88000233968098,113.67833241137366,1.5391666789849598,13.128333489100138,7.333750084042549,11.589166810115177,6.561967972410371,29.9499990940094,1364.1399889364839,83.23294810841962,0.8950001001358032,19.484999656677246,0.03999999910593033,276.6499938964844,Water Year
WL3,high,2138,38.83528,-120.23824,recent,2006,51.21666749318441,283.89166768391925,141.3341662188371,1.8858333018918831,13.825833340485891,7.855833321188887,11.940000038594007,7.269585957529932,33.32000017166138,1696.0099946260452,114.96858640046527,1.7300000190734863,16.764999389648438,3.569999933242798,304.75,Water Year
WL3,high,2138,38.83528,-120.23824,recent,2007,56.77000013987223,49.34166717529297,73.05583294232686,2.3983333706855774,14.284166614214579,8.341249992450079,11.885833243529001,6.767687657132707,31.490000247955322,876.6699953079224,107.45088626485261,1.1800000667572021,19.285000324249268,0.5299999713897705,51.68000030517578,Water Year
WL3,high,2138,38.83528,-120.23824,recent,2008,56.42833375930786,148.03833389282227,67.15249967606117,1.9775000289082525,14.116666694482168,8.04708336169521,12.139166665573915,7.491489559552209,31.829999923706055,805.8299961127341,133.80033687131132,-1.4499999284744263,13.829999685287476,1.1299999952316284,287.5400085449219,Water Year
WL3,high,2138,38.83528,-120.23824,recent,2009,47.91500027974446,85.84250132242839,96.5974993109703,2.22250014046828,14.109999815622965,8.166249978045622,11.887499675154686,6.8641916266803165,30.399999141693115,1159.1699917316437,79.56359177593875,1.4600000381469727,18.90999984741211,1,200.77999877929688,Water Year
WL3,high,2138,38.83528,-120.23824,recent,2010,47.6825000445048,124.22750123341878,104.90750100215276,1.4649998793999355,12.87749977906545,7.171249829232693,11.412499899665514,6.676057860579615,30.19999933242798,1258.8900120258331,82.40111536279325,9.204999923706055,14.8149995803833,2.6600000858306885,170.11000061035156,Water Year
WL3,high,2138,38.83528,-120.23824,recent,2011,40.798332929611206,261.1474978129069,138.9358345170816,1.4000000382463138,12.571666677792868,6.98583335801959,11.171666639546554,6.9005529846596385,30.920000076293945,1667.230014204979,99.1794703773712,0.3450000286102295,17.445000171661377,0.12999999523162842,207.0500030517578,Water Year
WL3,high,2138,38.83528,-120.23824,recent,2012,49.617499669392906,20.020833333333332,67.33333434661229,2.491666624943415,14.427499890327454,8.459583257635435,11.935833265384039,6.887459395587101,30.90999984741211,808.0000121593475,118.60409157245896,1.3950001001358032,1.3649998903274536,15.520000457763672,50.189998626708984,Water Year
WL3,high,2138,38.83528,-120.23824,recent,2013,51.49500036239624,129.793332417806,79.6483332713445,2.110833259920279,13.883333245913187,7.997083252916734,11.772499985992908,6.873338608174258,31.570000171661377,955.779999256134,134.88051025367193,-1.125,16.610000133514404,6.75,395.1499938964844,Water Year
WL3,high,2138,38.83528,-120.23824,recent,2014,47.5741662979126,21.09583346048991,69.87916751702626,3.165000006556511,15.100833495457966,9.132916751007238,11.935833488901455,6.231939679786001,30.59000062942505,838.5500102043152,113.21439038147554,1.9049999713897705,14.320000171661377,20.899999618530273,44.119998931884766,Water Year
WL3,high,2138,38.83528,-120.23824,recent,2015,53.50833384195963,22.320833206176758,68.06499991814296,3.735833239741624,15.163333376248678,9.449583307995152,11.427500136507055,5.754198989192435,27.0799994468689,816.7799990177155,99.57976507984338,1.3299999237060547,17.94499969482422,3.809999942779541,211.19000244140625,Water Year
WL3,high,2138,38.83528,-120.23824,recent,2016,52.48250023523967,178.98916610081992,127.11833241581917,2.320833384990692,13.714999794960022,8.017916589975357,11.39416640996933,6.964155044850773,31.19999885559082,1525.41998898983,99.23276616252286,8.21999979019165,18.19000005722046,3.140000104904175,266.95001220703125,Water Year
WL3,high,2138,38.83528,-120.23824,recent,2017,45.75333325068156,467.75916290283203,176.81249884764352,2.3975000188996396,13.557499806086222,7.977499912492931,11.159999787186583,7.145633932807258,31.34999942779541,2121.7499861717224,130.0391792869933,-1.4300000667572021,19.304999828338623,1.2699999809265137,717.739990234375,Water Year
WL3,high,2138,38.83528,-120.23824,recent,2018,52.724166790644325,38.82250054677328,90.99250098814566,3.0441666344801583,14.59000023206075,8.817083433270454,11.545833597580591,6.941367611975954,31.750000476837155,1091.910011857748,140.3630060017186,0.23000001907348633,15.09250032901764,6.289999961853027,401.6600036621094,Water Year
WL3,high,2138,38.83528,-120.23824,recent,2019,47.15916736920675,214.65333620707193,130.00833301556608,1.6950000301003456,12.815000032385191,7.255000031242768,11.120000002284845,6.921986400851276,32.570000648498535,1560.0999961867929,115.7124123045439,-3.7599999010562897,17.93000030517578,0.10000000149011612,509.989990234375,Water Year
WL3,high,2138,38.83528,-120.23824,recent,2020,55.72083330154419,87.65249888102214,68.26916600515445,3.216666633884112,14.740833202997843,8.978749918440977,11.524166569113731,7.078270414191656,30.109999179840088,819.2299920618534,126.18862235154874,0.7100000381469727,13.499999761581421,4.710000038146973,209.13999938964844,Water Year
WL3,high,2138,38.83528,-120.23824,recent,2021,57.51416699091593,39.546666542689,82.92249976098537,2.925833304723104,14.354166666666666,8.639999985694885,11.428333361943562,7.453776920002848,31.169999599456787,995.0699971318245,127.01181843964044,7.480000138282777,18.739999771118164,6.599999904632568,89.9000015258789,Water Year
WL3,high,2138,38.83528,-120.23824,recent,2022,49.07833298047384,112.86583201090495,78.9841661262326,3.5758332808812456,14.319166660308834,8.94749997059504,10.743333379427588,6.685706336061189,28.500000476837158,947.8099935147911,171.91203774056777,0.9600001573562622,18.59999990463257,11.050000190734863,484.80999755859375,Water Year
WL3,high,2138,38.83528,-120.23824,recent,2023,40.90833417574565,808.710848172505,210.24583005905149,1.15666671593984,11.465833326180775,6.311250021060307,10.309166610240935,7.573249646812447,32.03000020980831,2522.9499607086177,119.68776259589285,-0.4150000810623149,18.93000030517575,0,584.630004882812,Water Year
WL3,high,2138,38.83528,-120.23824,recent,2024,55.0483330090841,175.01083755493156,100.96666669473058,3.0358333041270575,13.4725001056989,8.25416670491298,10.436666801571842,7.602961343223697,31.26999998092647,1211.600000336767,109.60503616553441,-0.29999995231628507,15.86500024795532,6.21000003814697,226.509994506836,Water Year
WL3,high,2138,38.83528,-120.23824,recent,2025,45.244545676491484,173.3136340054599,122.88818159970377,2.550909031521184,13.128181891007854,7.839545461264519,10.57727285948667,7.157722915556759,27.81999969482424,1351.7699975967414,114.75759690901317,0.7400000095367398,15.195000171661395,16.4599990844727,414.890014648438,Water Year
YOSE1,high,2141,37.66374,-119.62484,historic,1965,45.520000060399376,294.04249890645343,118.39916837215424,-0.2641666829586029,13.169166723887125,6.452500020464261,13.433333406845728,6.001223597433985,29.220000743865963,1420.7900204658508,132.7922035495498,0.21000003814697266,10.78000020980835,14.789999961853027,553.280029296875,Water Year
YOSE1,high,2141,37.66374,-119.62484,historic,1966,55.10666672388712,102.70083300272623,65.28916717072327,0.3841666330893833,14.738333225250244,7.561249929169814,14.354166592160862,7.02063933009289,34.19999980926514,783.4700060486794,157.82790015901878,2.8700000047683716,10.38499975204468,0.6899999976158142,85.779998779296875,Water Year
YOSE1,high,2141,37.66374,-119.62484,historic,1967,43.20166675249735,225.47416305541992,140.61000021298727,0.3566665966063738,13.976666728655498,7.166666662630936,13.620000132049125,7.066938519898563,34.58000087738037,1687.3200025558472,107.97626995528307,-2.7049999237060547,17.990000247955322,13.6899995803833,371.9299926757813,Water Year
YOSE1,high,2141,37.66374,-119.62484,historic,1968,53.386667251586914,57.18666712443034,60.7533330215762,0.8975000157952309,14.630833347638449,7.76416668171684,13.733333331843218,6.326809803211034,33.10999917984009,729.0399962589145,79.08363535511043,-1.7400000095367432,14.135000467300415,5.829999923706055,138.1199951171875,Water Year
YOSE1,high,2141,37.66374,-119.62484,historic,1969,47.23250047365824,459.05999755859375,168.12083511489135,-0.23333334798614183,13.178333312273026,6.472499982143442,13.411666660259169,7.336281102949434,34.46000003814697,2017.450021378696,127.31633867953923,-0.059999942779541016,17.765000343322754,0.119999997317791,406.2900085449219,Water Year
YOSE1,high,2141,37.66374,-119.62484,historic,1970,51.72250016530355,141.86250241597494,85.53083492799973,0.6391667028268178,14.449166655540466,7.544166679183642,13.80999995271365,6.597109507579255,31.800000190734863,1026.3700191359967,142.89385128020066,0.4650001525878906,9.040000319480896,0.41999998688697815,435.9500122070313,Water Year
YOSE1,high,2141,37.66374,-119.62484,historic,1971,46.92916695276896,127.47250254948933,83.13083414236705,-0.19749993085861206,13.236666897932688,6.519583483537038,13.4341668287913,6.670943474329522,32.67000102996826,997.5700097084045,115.92923239015617,-2.3700000047683716,16.755000591278076,11.09000015258789,282.7300109863281,Water Year
YOSE1,high,2141,37.66374,-119.62484,historic,1972,45.68083349863688,132.46749981244406,73.58166611349831,-0.08083335558573405,13.379166583220163,6.649166613817215,13.459999938805899,6.670285288369643,34.27999973297119,882.9799933619797,127.14812530604472,-3.850000023841858,17.489999771118164,0.01999999955296516,332.3299865722656,Water Year
YOSE1,high,2141,37.66374,-119.62484,historic,1973,49.91916672388712,214.36250034968057,97.526666556485,-0.15166664123535156,13.12166670958201,6.48500003417333,13.273333350817362,7.351279128289476,32.450000286102295,1170.31999867782,101.04838614435451,-0.4550001621246338,16.71500015258789,0.05999999865889549,135.25,Water Year
YOSE1,high,2141,37.66374,-119.62484,historic,1974,48.53583280245463,160.43833351135254,102.47166811426482,0.9408333698908488,14.00083323319753,7.4708333015441895,13.05999986330668,6.875752404986566,29.78999948501587,1229.6600173711777,98.72400316780613,2.084999918937683,15.197499990463257,0.8999999761581421,193.58999633789065,Water Year
YOSE1,high,2141,37.66374,-119.62484,historic,1975,47.77916677792867,161.4091625213623,107.11000202177092,0.13666663443048796,13.117499748865763,6.627083191648126,12.980833114435276,6.825578290547854,30.249999523162842,1285.320024261251,98.66528097017827,-0.5199999809265137,16.464999675750732,0.00999999977648258,171.24000549316406,Water Year
YOSE1,high,2141,37.66374,-119.62484,historic,1976,50.57000048955282,7.5049997965494795,39.82916690905889,0.5341666837533314,14.044999957084656,7.289583320418994,13.510833273331324,5.690426737660291,29.880000114440918,477.95000290870667,81.1959848327884,1.1600000858306885,12.09500002861023,11.68000030517578,91.95999908447266,Water Year
YOSE1,high,2141,37.66374,-119.62484,historic,1977,51.89833394686381,7.729166507720947,30.85333334747702,1.2025000527501106,14.740000009536743,7.971250031143427,13.537499956786633,6.477153660114768,32.58999967575073,370.2400001697242,92.79707871826022,3.239999771118164,17.62000036239624,0.05000000074505806,49.52000045776367,Water Year
YOSE1,high,2141,37.66374,-119.62484,historic,1978,49.780000527699784,202.23749860127768,143.43583242346844,1.1716667066017785,13.975833415985107,7.573750061293443,12.80416670938333,5.917936589845318,29.230000495910645,1721.2299890816212,99.37576780019756,0.36500000953674316,11.40500020980835,3.700000047683716,343.6700134277344,Water Year
YOSE1,high,2141,37.66374,-119.62484,historic,1979,52.33166631062826,188.1050017674764,96.1458346019499,0.21250005563100174,13.349999686082205,6.781249870856603,13.137499630451202,7.074853581691905,31.209999084472656,1153.7500152233988,110.18810406853868,-2.0549999475479126,13.339999675750732,8.449999809265137,300,Water Year
YOSE1,high,2141,37.66374,-119.62484,historic,1980,48.57250054677328,175.42666339874268,125.17583192388217,0.9708333456267914,13.452500025431315,7.211666685529053,12.481666679804524,5.885006499408894,30.179999351501465,1502.109983086586,132.07419992460362,1.34499990940094,15.90500020980835,13.68000030517578,135.02999877929688,Water Year
YOSE1,high,2141,37.66374,-119.62484,historic,1981,55.725000063578285,41.03333409627279,72.95750019031887,1.8349999984105427,15.142500241597494,8.488750120004019,13.30750024318695,6.411291736519067,30.640000820159912,875.4900022838265,115.63015229540741,2.0149998664855957,15.570000171661377,1.5399999618530271,201.02000427246097,Water Year
YOSE1,high,2141,37.66374,-119.62484,historic,1982,43.27416714032491,179.2966651916504,155.13666824499765,0.7858333587646484,12.698333303133646,6.742083330949147,11.912499944368998,6.0203361475857795,30.080000400543213,1861.640018939972,70.58339137474226,0.1400001049041748,15.584999561309814,10.5600004196167,294.70001220703125,Water Year
YOSE1,high,2141,37.66374,-119.62484,historic,1983,45.574999252955116,348.69666862487793,148.6849992275238,0.34916659692923224,12.002499977747599,6.175833287338416,11.653333380818367,6.208424900519974,27.029999256134033,1784.2199907302856,91.5008815624149,0.1549999713897705,13.53999948501587,26.06999969482422,266.05999755859375,Water Year
YOSE1,high,2141,37.66374,-119.62484,historic,1984,49.07583395640055,191.60916773478192,98.24750043948491,1.6258332878351212,13.65749982992808,7.6416665588816,12.031666542092958,6.691575150898385,29.950000286102295,1178.970005273819,136.0249648782122,0.4549999237060547,17.769999504089355,19.260000228881836,393.9800109863281,Water Year
YOSE1,high,2141,37.66374,-119.62484,historic,1985,50.49166695276896,83.64166641235352,64.57999981070557,0.9266666173934937,13.12249998251597,7.024583299954732,12.195833365122477,7.002324680042153,31.639999866485596,774.959997728467,115.75238193579005,1.4449999332427979,8.565000176429749,27.760000228881836,47.81999969482422,Water Year
YOSE1,high,2141,37.66374,-119.62484,historic,1986,49.35166613260905,150.47833442687988,128.99666445081434,1.5016666154066722,13.648333191871643,7.574999903639157,12.146666576464971,5.6634645899537,29.049999713897705,1547.959973409772,143.12684294524277,1.065000057220459,13.884999513626099,0.9399999976158142,660.03997802734375,Water Year
YOSE1,high,2141,37.66374,-119.62484,historic,1987,55.71500015258789,37.89500045776367,49.85250028222799,1.4374999751647313,14.496666749318441,7.967083362241586,13.05916677415371,6.653335294234838,31.559999465942383,598.2300033867359,113.97161033926456,-0.19000005722045898,17.329999446868896,0,81.720001220703125,Water Year
YOSE1,high,2141,37.66374,-119.62484,historic,1988,50.098333517710365,54.76916631062825,53.04583428769062,1.4950000445048015,14.709999839464823,8.102499941984812,13.214999794960022,6.951137682540255,34.019999504089355,636.5500114522874,98.75823312900987,0.48000001907348633,12.569999694824219,22.399999618530273,125.7300033569336,Water Year
YOSE1,high,2141,37.66374,-119.62484,historic,1989,50.08999967575073,59.610001722971596,81.49083360036214,0.6658333167433739,13.455000003178915,7.060416659961144,12.789166686435541,6.647704853567812,33.15000009536743,977.8900032043457,83.96945821934311,3.2549999952316284,18.045000076293945,0,95.11000061035156,Water Year
YOSE1,high,2141,37.66374,-119.62484,historic,1990,49.576667149861656,39.780832290649414,52.385833590601884,1.4616666436195376,14.549166599909464,8.005416621764502,13.087499956289927,6.1422543104415475,31.69999933242798,628.6300030872226,103.24285242838262,0.6800000667572021,3.6199997663497925,21,136.6300048828125,Water Year
YOSE1,high,2141,37.66374,-119.62484,historic,1991,50.03833421071371,77.14250246683757,83.4908350755771,1.6533333336313565,14.363333384195963,8.00833335891366,12.710000050564608,7.0324322782882,33.07000112533569,1001.8900209069252,183.26986282058334,-1.2799999713897705,17.34000015258789,1.4299999475479126,562.1500244140625,Water Year
YOSE1,high,2141,37.66374,-119.62484,historic,1992,50.90749947230021,26.278333981831867,67.17750022808711,3.325833429892858,15.180833141009014,9.253333285450935,11.854999711116156,6.247478124254075,30.809999465942383,806.1300027370453,101.45421562687613,2.4300000071525574,14.674999713897707,3.819999933242798,51.709999084472656,Water Year
YOSE1,high,2141,37.66374,-119.62484,historic,1993,50.414999167124435,302.7300046284994,114.04166555404663,1.306666706999143,13.472499946753183,7.3895833268761635,12.16583323975404,6.6315942901529725,31.849998950958252,1368.4999866485596,128.04576014822118,-1.0750000476837158,15.978333473205566,0,314.80999755859375,Water Year
YOSE1,high,2141,37.66374,-119.62484,historic,1994,55.48833306630453,28.421666463216145,54.66833234826724,2.4149999832734466,14.981666445732117,8.698333214502782,12.56666646245867,6.838088835323565,32.839999198913574,656.0199881792068,93.9663949592225,-0.5499999523162842,18.729999542236328,0.36000001430511475,187.6199951171875,Water Year
YOSE1,high,2141,37.66374,-119.62484,recent,1995,45.648333152135216,325.7208366394043,149.8158339560032,1.6633333091934521,13.484999934832254,7.574166622012854,11.821666625638803,7.009922349745483,30.859999656677246,1797.7900074720383,130.42666506743905,1.6450001001358032,11.559999704360962,0.4099999964237213,222.0800018310547,Water Year
YOSE1,high,2141,37.66374,-119.62484,recent,1996,46.42916679382324,121.31083552042644,116.22333132227261,2.90583336353302,15.599166631698608,9.252499997615814,12.693333268165588,6.5725173574528,30.549999237060547,1394.6799758672714,103.71264741818543,2.194999933242798,14.18999981880188,2.259999990463257,313.0799865722656,Water Year
YOSE1,high,2141,37.66374,-119.62484,recent,1997,54.069999853769936,192.41749918460846,118.89166867981355,1.9549999137719474,14.729999860127768,8.342499886949858,12.77499994635582,6.002655947471384,29.709999561309814,1426.7000241577625,167.95358294790083,1.1999999284744263,17.524999618530273,0.27000001072883606,592.08001708984375,Water Year
YOSE1,high,2141,37.66374,-119.62484,recent,1998,43.208333253860474,280.75500106811523,137.18583246817192,0.23833330534398567,12.724166850248972,6.481250077796479,12.485833544904986,7.005703615939644,32.47000074386597,1646.229989618063,108.84622348091636,-1.4550000429153442,19.205000400543213,0.2199999988079071,493.2099914550781,Water Year
YOSE1,high,2141,37.66374,-119.62484,recent,1999,52.82666699091593,70.98166847229004,77.60166692733765,1.614999989668528,14.757500052452087,8.186250021060308,13.14250006278356,6.805715271149704,30.96999979019165,931.2200031280518,115.51358308088344,2.5999999046325684,16.40500020980835,4.579999923706055,74.4000015258789,Water Year
YOSE1,high,2141,37.66374,-119.62484,recent,2000,52.36500056584676,91.03000132242838,97.46666440367699,2.516666697959105,15.419166684150696,8.967916691054901,12.902499986191591,6.0208050238464805,29.579999685287476,1169.5999728441238,130.37065409478947,1.4800000190734863,16.079999923706055,2.319999933242798,359.2699890136719,Water Year
YOSE1,high,2141,37.66374,-119.62484,recent,2001,52.53666639328003,52.784999211629234,58.36000117411216,1.8900000353654225,15.612499872843424,8.751249954104424,13.722499837478003,7.114079194712952,32.88999891281128,700.3200140893459,117.52826074620393,-0.7400000095367432,14.884999513626099,0.3400000035762787,203.32000732421875,Water Year
YOSE1,high,2141,37.66374,-119.62484,recent,2002,55.145833333333336,91.02500025431316,73.69249819622685,1.6225000421206157,14.84499994913737,8.233749995628992,13.222499907016754,6.966927657943562,32.1299991607666,884.3099783547223,121.74880221260484,-0.309999942779541,18.339999675750732,0.33000001311302185,294.29998779296875,Water Year
YOSE1,high,2141,37.66374,-119.62484,recent,2003,47.85083317756653,95.5091667175293,93.85583260531227,2.5083333204189935,15.424166758855185,8.966250039637089,12.91583343843619,6.999826013475232,31.139999389648438,1126.2699912637472,114.94952187256519,0.18000006675720215,14.830000162124634,12.369999885559082,324.8399963378906,Water Year
YOSE1,high,2141,37.66374,-119.62484,recent,2004,56.41750033696492,104.4283328205347,89.75833410521348,2.0049999792439244,14.939999977747599,8.472499978495762,12.934999998503676,6.974129907291822,32.16999912261963,1077.1000092625618,126.6688865303946,0.46000003814697266,17.859999656677246,1.7899999618530271,218.05999755859375,Water Year
YOSE1,high,2141,37.66374,-119.62484,recent,2005,47.535833517710365,98.15083503723145,108.46083254180849,1.8149999380111692,14.59249997138977,8.20374995470047,12.777500033378601,6.350240159210285,31.3000009059906,1301.5299905017018,104.66701017118874,1.3749998807907104,19.990000247955322,0.07000000029802322,357.3599853515625,Water Year
YOSE1,high,2141,37.66374,-119.62484,recent,2006,52.19666624069214,157.9658342997233,122.26666505634785,2.602500011523565,15.046666622161865,8.824583316842714,12.4441666106383,7.4547864105642745,35.630001068115234,1467.1999806761742,114.08120389930414,3.1350000500679016,14.965000391006468,11.539999961853027,280.17999267578125,Water Year
YOSE1,high,2141,37.66374,-119.62484,recent,2007,57.537499745686844,20.120832761128742,48.80916682506601,2.6366665922105312,15.443333148956299,9.039999870583415,12.806666556745768,6.459554046510478,31.929999351501465,585.7100019007921,129.50922184175195,1.7750000953674316,15.0649995803833,3.839999914169311,36.66999816894531,Water Year
YOSE1,high,2141,37.66374,-119.62484,recent,2008,56.40416685740153,138.84583218892416,68.81750043854117,2.218333313862483,15.099999964237213,8.659166639049849,12.881666650374731,7.201178832640187,32.21999979019165,825.8100052624941,157.8075917526294,-1.0349999666213987,19.139999866485596,4.230000019073486,342.94000244140625,Water Year
YOSE1,high,2141,37.66374,-119.62484,recent,2009,47.662499825159706,71.26166661580403,96.23333135992289,2.361666719118754,14.93749984105428,8.649583280086517,12.575833121935526,6.750963333238859,30.40999937057495,1154.7999763190746,80.28209538494785,0.6749999523162842,19.049999713897705,0.27000001072883606,224.0399932861328,Water Year
YOSE1,high,2141,37.66374,-119.62484,recent,2010,49.83583307266235,109.9624989827474,101.54499891338249,1.718333308895429,14.024166623751322,7.871249966323376,12.305833314855894,6.57748082976592,29.839999675750732,1218.5399869605899,95.86473089517334,0.9950001239776611,15.90999984741211,0.07999999821186066,236.1699981689453,Water Year
YOSE1,high,2141,37.66374,-119.62484,recent,2011,46.24500012397766,184.9966691335042,138.784165451924,1.5299999962250392,13.84499986966451,7.687499932944775,12.31499987343947,6.4804034519963,31.41999912261963,1665.409985423088,111.61708749488862,1.8700000047683716,16.634999752044678,2.359999895095825,215.38999938964844,Water Year
YOSE1,high,2141,37.66374,-119.62484,recent,2012,55.1791672706604,11.28249994913737,50.973333758612476,2.5808334151903787,15.240833202997843,8.91083330909411,12.659999787807465,6.791236605034603,31,611.6800051033497,130.2284554994773,3.6299999952316284,1.9749999046325681,3.509999990463257,40.77000045776367,Water Year
YOSE1,high,2141,37.66374,-119.62484,recent,2013,56.551666259765625,112.1875,64.7708344484369,2.285833249489466,14.90166668097178,8.593749965230623,12.615833431482315,6.734670530102098,32.03999996185303,777.2500133812429,172.4515097792979,-0.5399999618530273,17.040000438690186,2.6500000953674316,407.4500122070313,Water Year
YOSE1,high,2141,37.66374,-119.62484,recent,2014,55.14249976476034,2.2408332824707036,42.43166754146417,3.3024999673167863,16.014999945958454,9.658749956637621,12.712499978641668,5.959732679463786,29.819999933242798,509.18001049757004,103.54326919226425,2.6299999952316284,12.134999752044678,14.520000457763672,126.2300033569336,Water Year
YOSE1,high,2141,37.66374,-119.62484,recent,2015,55.59999990463257,8.859166781107584,48.90333344539007,3.79083331534639,15.759999950726828,9.775416633036608,11.969166635380438,5.69255353098534,28.009999990463257,586.8400013446808,93.9774363627171,1.7600001096725464,18.52500009536743,0.9700000286102296,160.5500030517578,Water Year
YOSE1,high,2141,37.66374,-119.62484,recent,2016,53.85666672388712,106.84000094731648,98.14916693201909,2.09749997779727,14.757500092188517,8.427500034992894,12.660000114391247,6.914500414463985,32.36999988555908,1177.7900031842291,98.91693933295409,0.38499999046325684,18.600000381469727,0.10999999940395357,214.41000366210935,Water Year
YOSE1,high,2141,37.66374,-119.62484,recent,2017,50.27000037829081,392.8541679382324,160.12500082949796,2.547499922414621,14.700833161671957,8.62416654204329,12.153333239257336,7.13157904034466,32.43000030517578,1921.5000099539757,143.43919421674255,-1.375,19.579999923706055,0.1899999976158142,720.3800048828125,Water Year
YOSE1,high,2141,37.66374,-119.62484,recent,2018,54.317500273386635,23.59916716814041,70.7274997678275,2.8858333627382913,15.59750012556712,9.241666744152704,12.711666762828827,6.648348552873216,31.980000495910645,848.7299972139299,167.144989569496,0.6150000095367432,15.029999732971191,3.1700000762939453,420.8800048828125,Water Year
YOSE1,high,2141,37.66374,-119.62484,recent,2019,50.41999967892965,156.64083242416382,112.42083230676751,1.696666760991017,13.800833225250244,7.74874999312063,12.104166464259228,6.893694782460602,33.66999912261963,1349.04998768121,126.19410032092152,-3.6549999713897705,18.15999984741211,0.03999999910593033,466.5,Water Year
YOSE1,high,2141,37.66374,-119.62484,recent,2020,54.72999986012777,36.143333435058594,51.24166576564312,3.478333357721567,15.81166668732961,9.645000022525588,12.333333329608044,7.21457461651518,32.03000020980835,614.8999891877174,123.97873826061628,0.9550001621246338,14.299999713897705,2.5799999237060547,146.7899932861328,Water Year
YOSE1,high,2141,37.66374,-119.62484,recent,2021,55.506667137145996,27.58333396911621,59.570000072320305,3.178333416581154,15.485000054041544,9.33166673531135,12.30666663746039,7.2845246824516225,32.20000076293945,714.8400008678436,122.99941101319699,1.8199999332427979,16.494999885559086,17.1200008392334,101.6999969482422,Water Year
YOSE1,high,2141,37.66374,-119.62484,recent,2022,55.41333357493083,78.0091667175293,52.57083282868067,4.215833336114883,15.014166752497351,9.615000044306118,10.798333416382468,6.758704154559339,29.31999969482422,630.8499939441681,208.78987751765186,0.7749999761581421,19.384999752044678,8.739999771118164,397.2799987792969,Water Year
YOSE1,high,2141,37.66374,-119.62484,recent,2023,49.69250027338665,565.5608317852026,168.1524997750919,2.038333346446359,11.678333361943562,6.8583333541949605,9.640000015497202,7.704355702696673,31.61999940872193,2017.8299973011028,134.10308974778562,-1.4600000381469749,19.9049997329712,0.490000009536743,559.869995117188,Water Year
YOSE1,high,2141,37.66374,-119.62484,recent,2024,52.5983330408732,104.794163386027,81.10499991973238,4.051666762679822,14.050000369548798,9.05083356611431,9.998333606868975,7.472322065442629,30.15000057220458,973.2599990367886,122.07518943526478,0.10000002384186013,16.815000534057653,13.2299995422363,282.850006103516,Water Year
YOSE1,high,2141,37.66374,-119.62484,recent,2025,48.861818747086964,26.814546064896998,81.95181819796572,3.394545515829868,13.819090929898355,8.606818222864112,10.424545414068488,6.491581713151447,26.59999990463261,901.470000177623,111.4398160551856,2.41499996185303,17.03500032424925,18.3799991607666,214.100006103516,Water Year
